Name,Category,Instagram,YouTube,Facebook,TikTok,ImageURL,Notes,Instagram_Followers,Instagram_Likes,Instagram_Views,YouTube_Followers,YouTube_Likes,YouTube_Views,Facebook_Followers,Facebook_Likes,Facebook_Views,TikTok_Followers,TikTok_Likes,TikTok_Views,Description,Previous_Brands,Gender,Email,Active_Hours,Images
Irfan Junejo,Travel/Lifestyle,https://instagram.com/irfanjunejo,https://www.youtube.com/@IrfanJunejo,https://www.facebook.com/irfanjunejo,https://www.tiktok.com/@irfanjunejo,https://instagram.com/irfanjunejo,Official links via Linktree,1.2M,,,1.47M,,183917381,,,,296.6K,5.1M,,,,Male,,,,
Mooroo (Taimoor Salahuddin),Vlogs/Music,https://instagram.com/mooroosicity,https://www.youtube.com/user/mooroosicity,,https://www.tiktok.com/@mooroosicity,https://instagram.com/mooroosicity,,535K,,,1.18M,,124510215,,,,200.8K,1.7M,,,,Male,,,
Ducky Bhai (Saad ur Rehman),Gaming,https://instagram.com/duckybhai,https://www.youtube.com/@DuckyBhai,,,https://instagram.com/duckybhai,,2.6M,,,9.03M,,2163739399,,,,,,,,,Male,,,
Maaz Safder,Vlogs/Family,https://instagram.com/maazsafder,https://www.youtube.com/@MaazSafderWorld,,,https://instagram.com/maazsafder,,2.1M,,,4.78M,,2104819625,,,,,,,,,Male,,,
Ukhano (Umar Khan),Travel/Lifestyle,https://www.instagram.com/ukhano/,https://www.youtube.com/channel/UC4NQ7dQ171deDBPGAs24CEA,https://www.facebook.com/ukhanarmy/,,https://instagram.com/ukhano,,834K,,,703K,,57689104,,,,,,,,,Male,,,
Nadir Ali (P4 Pakao),Comedy/Pranks,https://instagram.com/p4pakao,https://www.youtube.com/@P4PakaoOfficial,https://www.facebook.com/p4pakao/,,https://instagram.com/p4pakao,,188K,,,4.13M,,1742149091,,,,,,,,,Male,,,
Hina Altaf,Acting/Lifestyle,https://www.instagram.com/hinaaltaf/,https://www.youtube.com/@itshinaaltaf,,,https://instagram.com/ha_inaaltaf,,6.7M,,,310K,,9379582,,,,,,,,,Female,,,
Ayesha Omar,Acting/Lifestyle,https://www.instagram.com/ayesha.m.omar/,,https://www.facebook.com/AyeshaOmarOfficial,,https://instagram.com/ayesha.m.omar,,6M,,,,,,,,,,,,,,Female,,,
Sana Javed,Acting/Fashion,https://www.instagram.com/sanajaved.official/,,,,https://instagram.com/sanajaved.official,,9.1M,,,,,,,,,,,,,,Female,,,
Hira Mani,Acting/Lifestyle,https://www.instagram.com/hiramaniofficial/,,https://www.facebook.com/HiraManiOfficial,,https://instagram.com/hiramaniofficial,,8.5M,,,,,,,,,,,,,,Female,,,
Aiman Khan,Acting/Lifestyle,https://www.instagram.com/aimankhan.official/,,https://www.facebook.com/AimanMuneebOfficial,,https://instagram.com/aimankhan.official,,12.5M,,,,,,,,,,,,,,Female,,,
Iqra Aziz,Acting/Lifestyle,https://www.instagram.com/iiqraaziz/,,https://www.facebook.com/IqraAzizFanClub,,https://instagram.com/iiqraaziz,,11.4M,,,,,,,,,,,,,,Female,,,
Sajal Aly,Acting/Lifestyle,https://www.instagram.com/sajalaly/,,https://www.facebook.com/SajalAliOfficial,,https://instagram.com/sajalaly,,11.3M,,,,,,,,,,,,,,Female,,,
Mahira Khan,Acting/Lifestyle,https://www.instagram.com/mahirahkhan/,,https://www.facebook.com/TheMahiraKhan,,https://instagram.com/mahirahkhan,,11.7M,,,,,,,,,,,,,,Female,,,
Sham Idrees,Comedy/Music,https://www.instagram.com/shamidrees/,https://www.youtube.com/@ShamIdrees,https://www.facebook.com/shamidrees,https://www.tiktok.com/@shamidrees,https://instagram.com/shamidrees,,1.6M,,,1.85M,,584397767,,,,2M,31M,,,,Male,,,
Asim Azhar,Music,https://www.instagram.com/asimazhar/,https://www.youtube.com/@AsimAzharMusicofficial,https://www.facebook.com/asimazharofficial,,https://instagram.com/asimazhar,,3M,,,1.24M,,226765166,,,,,,,,,Male,,,
Bilal Saeed,Music,https://www.instagram.com/bilalsaeed_music/,https://www.youtube.com/@ibilalone,https://www.facebook.com/bilalsaeedmusic,,https://instagram.com/bilalsaeed_music,,1.4M,,,315K,,174213377,,,,,,,,,Male,,,
Ali Gul Pir,Comedy,https://www.instagram.com/therealaligulpir/,https://www.youtube.com/@AliGulPirTV,https://www.facebook.com/AliGulPirOfficial,,https://instagram.com/ali.gulpir,,316K,,,180K,,29480332,,,,,,,,,Male,,,
Faiza Saleem,Comedy,https://www.instagram.com/faizasaleem90/,https://www.youtube.com/@FaizaSaleemOfficial,https://www.facebook.com/faizasaleemofficial,,https://instagram.com/faizasaleem90,,250K,,,145K,,22354108,,,,,,,,,Female,,,
Momin Saqib,Comedy/Lifestyle,https://www.instagram.com/mominsaqib/,https://www.youtube.com/@MominSaqib.Official,https://www.facebook.com/mominsaqibofficial,,https://instagram.com/mominsaqib,,1.9M,,,752K,,288106029,,,,,,,,,Male,,,
Shehzad Ghias Shaikh,Comedy/Podcast,https://www.instagram.com/shehzadghiasshaikh/,https://www.youtube.com/@ShehzadGhias,https://www.facebook.com/shehzadghiasshaikh,,https://instagram.com/shehzadghiasshaikh,,59.7K,,,12.2K,,898581,,,,,,,,,Male,,,
Shahbaz Shigri,Travel/Lifestyle,https://www.instagram.com/shahbazshigri/,,,,https://instagram.com/shahbazshigri,,154K,,,,,,,,,,,,,,Male,,,
Areeba Habib,Fashion/Lifestyle,https://www.instagram.com/imareebahabib/,https://www.youtube.com/@imareebahabib,,https://www.tiktok.com/@officialareebahabib,https://instagram.com/areebahabibofficial,,2.9M,,,55.6K,,3435758,,,,362K,2.4M,,,,Female,,,
Mishal Butt,Beauty/Lifestyle,https://www.instagram.com/mishalbuttofficial/,,,,https://instagram.com/mishalbutt,,1.1M,,,,,,,,,,,,,,Female,,,
Adeel Chaudhry,Food/Travel,https://www.instagram.com/adeelchaudry1/,https://www.youtube.com/@AdeelChaudry,,https://www.tiktok.com/@adeelchaudry1,https://instagram.com/adeel.chaudhry,,1.5M,,,829K,,415356685,,,,1.1M,34.1M,,,,Male,,,
Rana Hamza Saif,Food/Travel,https://www.instagram.com/ranahamzasaif/,https://www.youtube.com/@RanaHamzaSaifRHS,https://www.facebook.com/ranahamzasaif,,https://instagram.com/ranahamzasaif,,995K,,,1.57M,,303090351,,,,,,,,,Male,,,
Amar Khan,Tech/Reviews,https://www.instagram.com/amarkhanlove/,,,https://www.tiktok.com/@amarkhanofficial,https://instagram.com/ammarkhanofficial,,2.1M,,,,,,,,,567.8K,7.2M,,,,Female,,,
Laiba Khan Lodhi,Beauty/Lifestyle,https://www.instagram.com/laibakhanlodhi101/,https://www.youtube.com/@laibakhanlodhi,,https://www.tiktok.com/@laibakhan25,https://www.instagram.com/laibakhanlodhi101/,,1.1M,,,17.4K,,572605,,,,329.9K,5.8M,,,,Female,,,
Syeda Urooj Fatima,Education/Lifestyle,https://www.instagram.com/by.rooj1/,,,,https://instagram.com/syeda.urooj.fatima,,684K,,,,,,,,,,,,,,Female,,,
Areeba Ahmad tirmizi,Actor/Beauty/Lifestyle,https://www.instagram.com/areeba.tirmizi/,,,,https://instagram.com/areebaahmed,,48.1K,,,,,,,,,,,,,,Female,,,
Ayesha Shahveer,Fashion/Design/Lifestyle,https://www.instagram.com/ayeshabeigs/,,,,https://instagram.com/ayeshashah,,1.9M,,,,,,,,,,,,,,Female,,,
Azlan Shah (Metatainment),Podcast/Lifestyle,https://www.instagram.com/metatainment.pk,https://www.youtube.com/@Metatainment,,https://www.tiktok.com/@metatainment.pk,https://instagram.com/azlanshahofficial,,221K,,,567K,,169837479,,,,457.2K,14.7M,,,,Male,,,
Romaisa Khan,TikTok/Acting,https://www.instagram.com/romaisa.khan._/,https://www.youtube.com/@RomaisaKhan,,https://www.tiktok.com/@romaisa.khan._,https://instagram.com/romaisa.khan_,,3.3M,,,597K,,16199526,,,,8.6M,173M,,,,Female,,,
Hamza The Bhatti,Lifestyle/Travel/Food,https://www.instagram.com/hamzathebhatti/,https://www.youtube.com/@Hamzathebhatti,,https://www.tiktok.com/@hamzathebhatti,https://instagram.com/hamzathebhatti,,645K,,,111K,,25055417,,,,767K,19.8M,,,,Male,,,
Talhah Anjum,Music,https://www.instagram.com/talhahanjum/,https://www.youtube.com/@TalhaAnjum,,https://www.tiktok.com/@iamtalhaanjum,https://instagram.com/talhaanjum,,2.7M,,,2.18M,,397270325,,,,122.9K,305.5K,,,,Male,,,
Talhah Yunus,Music,https://www.instagram.com/talhahyunus/,https://www.youtube.com/@TalhahYunus,,,https://instagram.com/talhayunus,,940K,,,516K,,75828652,,,,,,,,,Male,,,
Haris Awan,Comedy/Lifestyle,https://www.instagram.com/theharisawan/,https://www.youtube.com/@harisawanpranks,,https://www.tiktok.com/@theharisawan,https://instagram.com/harisawanofficial,,216K,,,1.38M,,165802795,,,,720.6K,13.9M,,,,Male,,,
Ahsan Khan,Acting/Lifestyle,https://www.instagram.com/khanahsanofficial/,,,,https://instagram.com/khanahsanofficial,,1M,,,,,,,,,,,,,,Male,,,
Rabia Faisal,Beauty/Lifestyle,https://www.instagram.com/rabiafaisal__/,https://www.youtube.com/@rabiafaisal__,,https://www.tiktok.com/@rabiafaisal131,https://instagram.com/rabiafaisalofficial,,2.5M,,,1.98M,,542151442,,,,5.7M,190.3M,,,,Female,,,
Shahmeer Abbas,Comedy/Pranks,https://www.instagram.com/shahmeerultraa/,https://www.youtube.com/@ShahmeerAbbasOfficial,,https://www.tiktok.com/@shahmeerultra,https://instagram.com/shahmeerabbasofficial,,32.4K,,,1.64M,,124464445,,,,486.6K,5M,,,,Male,,,
Ayesha Chundrigar,Animal Welfare,https://www.instagram.com/ayesha.chundrigar/,,,,https://instagram.com/ayesha.chundrigar,,74.2K,,,,,,,,,,,,,,Female,,,
Hina Ashfaq,Fashion/Lifestyle,https://www.instagram.com/hinaashfaq/,,,https://www.tiktok.com/@hinaashfaque,https://instagram.com/hinaashfaq,,233K,,,,,,,,,46.7K,308.3K,,,,Female,,,
Sheheryar Kashif(sherryboyy),Lifestyle,https://www.instagram.com/sherryboyy/,https://www.youtube.com/@sherryboyy,,,https://instagram.com/sherrykhattak,,197K,,,21.3K,,1545131,,,,,,,,,Male,,,
Mansoor Qureshi,Tech/Reviews,https://www.instagram.com/mansoor_qureshi/,https://www.youtube.com/@MansoorQureshiMAANi,,,https://instagram.com/mansoorqureshi,,130K,,,189K,,20511501,,,,,,,,,Male,,,
Hafsa Khalid,Beauty/Lifestyle,https://www.instagram.com/hafsakhaliddd/,,,https://www.tiktok.com/@hafsakhaliddd,https://instagram.com/hafsakhalid,,36.1K,,,,,,,,,36.6K,670.1K,,,,Female,,,
Bilal Qureshi,Actor/Lifestyle,https://www.instagram.com/bilal.qureshi/,https://www.youtube.com/@BilalQureshiofficial,,,https://instagram.com/bilalqureshiofficial,,1M,,,78.7K,,4808785,,,,,,,,,Male,,,
Rabia Anum,Beauty/Lifestyle,https://www.instagram.com/rabiaanumobaid/,,,https://www.tiktok.com/@rabiaanamobaid,https://instagram.com/rabiaanum,,467K,,,,,,,,,30.4K,576.7K,,,,Female,,,
Ali Raza,Actor/Lifestyle,https://www.instagram.com/alirazaishere/,https://www.youtube.com/@Alirazaishere28,,,https://instagram.com/aliraza.tech,,1.1M,,,102K,,22520176,,,,,,,,,Male,,,
Hassan Ali,Cricketer/Lifestyle,https://www.instagram.com/ha55an_ali/,,,https://www.tiktok.com/@ha55an32ali,https://instagram.com/hassanali.food,,1.3M,,,,,,,,,2.7M,28.4M,,,,Male,,,
Fatima Irfan Shaikh,Beauty/Lifestyle,https://www.instagram.com/glossips/,https://www.youtube.com/@Glossips,,,https://instagram.com/glossips,,515K,,,682K,,69467271,,,,,,,,,Female,,,
Bilal Khan,Music/Singer,https://www.instagram.com/bilalkhanmusic/,https://www.youtube.com/@BilalKhan,,https://www.tiktok.com/@bilalkhanmusic,https://instagram.com/bilalkhanmusic,,472K,,,586K,,104221469,,,,477.2K,7.2M,,,,Male,,,
Bilal Abbas Khan,Actor/Lifestyle,https://www.instagram.com/bilalabbas_khan/,,,,https://instagram.com/bilalkhanmusic,,4.9M,,,,,,,,,,,,,,Male,,,
Shahveer Jafry,Comedy/Lifestyle,https://www.instagram.com/shahveerjay/,https://www.youtube.com/@ShahveerJay,,,https://instagram.com/shahveerjay,,4.2M,,,3.84M,,901887747,,,,,,,,,Male,,,
Zaid Ali T,Comedy/Lifestyle,https://www.instagram.com/zaidalit/,https://www.youtube.com/@ZaidAliT,,,https://instagram.com/zaidalit,,3.3M,,,649K,,60538514,,,,,,,,,Male,,,
Dananeer Mobeen,Lifestyle/Acting,https://www.instagram.com/dananeerr/,https://www.youtube.com/@dananeerrmobeen,,,https://instagram.com/dananeerr,,6.5M,,,369K,,21069408,,,,,,,,,Female,,,
Waliya Najib,Photography/Lifestyle,https://www.instagram.com/waliyanajib/,https://www.youtube.com/@WaliyaNajib,,,https://instagram.com/waliya.najib,,1.7M,,,41.3K,,871307,,,,,,,,,Female,,,
Jannat Mirza,TikTok/Fashion,https://www.instagram.com/jannatmirza_/,,,https://www.tiktok.com/@jannatmirza,https://instagram.com/jannatmirza_,,6.2M,,,,,,,,,25.7M,854.8M,,,,Female,,,
Kanwal Aftab,TikTok/Entertainment,https://www.instagram.com/kanwal.135/,,,https://www.tiktok.com/@kanwal.135,https://instagram.com/kanwal.135,,4.4M,,,,,,,,,21.9M,917.5M,,,,Female,,,
Zulqarnain Sikandar,TikTok/Comedy,https://www.instagram.com/ch.zulqarnain25/,https://www.youtube.com/@ZulqarnainSikandar25,,https://www.tiktok.com/@ch.zulqarnain25,https://instagram.com/ch.zulqarnain25,,1.9M,,,3.16M,,943960986,,,,17.9M,891.9M,,,,Male,,,
Rabeeca Khan,TikTok/Entertainment,https://www.instagram.com/rabeecakhan/,https://www.youtube.com/@RabeecaKhan,,https://www.tiktok.com/@rabeecak,https://instagram.com/rabeecakhan,,6.2M,,,3.01M,,1297195853,,,,11.2M,432.9M,,,,Female,,,
Areeka Haq,TikTok/Fashion,https://www.instagram.com/areeka__haq/,https://www.youtube.com/@AreekaHaq02,,https://www.tiktok.com/@areeka__haq,https://instagram.com/areeka__haq,,4.7M,,,354K,,14137901,,,,12M,323M,,,,Female,,,
Amna (Kitchen with Amna),Food/Cooking,https://www.instagram.com/kitchenwithamna/,https://www.youtube.com/@KitchenWithAmna,https://www.facebook.com/KitchenWithAmna,,https://instagram.com/kitchenwithamna,,349K,,,4.4M,,684043126,,,,,,,,,Female,,,
VideoWaliSarkar (Bilal Munir),Tech/Reviews,https://www.instagram.com/bilalmunir1995/,https://www.youtube.com/@VideoWaliSarkar1,,,https://instagram.com/videowalisarkar,,651K,,,2.85M,,576428578,,,,,,,,,Male,,,
Waqar Zaka,Art/Cooking,https://www.instagram.com/waqarzaka/,https://www.youtube.com/@WaqarZaka,https://www.facebook.com/waqarzaka,,https://instagram.com/waqarzaka,,1.5M,,,1.88M,,140141877,,,,,,,,,Male,,,
Saad Khan (Danish Ali),Comedy,https://www.instagram.com/danishaliofficialnation/,https://www.youtube.com/@danishalishow,https://www.facebook.com/DanishAliComedian,,https://instagram.com/danishaliofficial,,212K,,,614K,,229046622,,,,,,,,,Male,,,
Momina Munir ,Beauty/Lifestyle,https://www.instagram.com/mominamunir/,,,,https://instagram.com/mominamix,,250K,,,,,,,,,,,,,,Female,,,
Amna Niazi (SiddySays),Lifestyle/Fashion,https://www.instagram.com/siddysays/,,ttps://www.facebook.com/siddysays,,https://instagram.com/siddysays,,229K,,,,,,,,,,,,,,Female,,,
Sehar Khan,Actor/Lifestyle,https://www.instagram.com/seharkhan_official/,,,,https://www.instagram.com/seharkhan_official/,,3.2M,,,,,,,,,,,,,,Female,,,
Sehar Hayat,Beauty/Lifestyle,https://www.instagram.com/iseharhayat/,https://www.youtube.com/@SeharHayyatOfficial,,https://www.tiktok.com/@sehar_hayyat,https://www.instagram.com/seharkhan_official/,,2.9M,,,572K,,22626900,,,,11M,377.5M,,,,Female,,,
Amar Khan,Actor/Lifestyle,https://www.instagram.com/amarkhanlove/,,,,https://instagram.com/amarkhanlove,,2.1M,,,,,,,,,,,,,,Female,,,
Syeda Urooj Fatima,Beauty/Lifestyle,https://www.instagram.com/by.rooj1/,,,,https://www.instagram.com/by.rooj1/,,684K,,,,,,,,,,,,,,Female,,,
Maham Amjad,Beauty/Lifestyle,https://www.instagram.com/mahamamjadd/,,,,https://www.instagram.com/mahamamjadd/,,85.1K,,,,,,,,,,,,,,Female,,,
Adeel Yaqoob,Tech/Reviews,https://www.instagram.com/adeelr35/,,,,https://www.instagram.com/adeelr35/,,76K,,,,,,,,,,,,,,Male,,,
Maham Mirza,Beauty/Lifestyle,https://www.instagram.com/mahammirza60/,,,,https://www.instagram.com/mahammirza60/,,50.7K,,,,,,,,,,,,,,Female,,,
Maham Sohail,Beauty/Lifestyle,https://www.instagram.com/mahammsohail/,,,,https://www.instagram.com/mahammsohail/,,181K,,,,,,,,,,,,,,Female,,,
Hina Ashfaq,Beauty/Lifestyle,https://www.instagram.com/hinaashfaq/,,,https://www.tiktok.com/@hinaashfaque,https://www.instagram.com/hinaashfaq/,,233K,,,,,,,,,46.7K,308.3K,,,,Female,,,
Hina Tariq,Beauty/Lifestyle,https://www.instagram.com/_hinatariq/,,,https://www.tiktok.com/@hinaatariiq_,https://www.instagram.com/_hinatariq/,,559K,,,,,,,,,671.9K,21.3M,,,,Female,,,
Dr. Hina Sikander,Education/Beauty/Lifestyle,https://www.instagram.com/drhinasikander/,https://www.youtube.com/@DrHinaSikander,,,https://www.instagram.com/drhinasikander/,,245K,,,122K,,1876658,,,,,,,,,Female,,,
Areeba Khan,Beauty/Lifestyle/Anchor,https://www.instagram.com/areebaakhan01/,,,,https://www.instagram.com/areebaakhan01/,,1196,,,,,,,,,,,,,,Female,,,
Hina khalid Hussain Khan Afridi,Beauty/Lifestyle,https://www.instagram.com/hinaafridiofficial/,,,,https://www.instagram.com/hinaafridiofficial/,,587K,,,,,,,,,,,,,,Female,,,
Azlan Shah,Travel/Wildlife,https://www.instagram.com/azlanshahofficial/,https://www.youtube.com/@AzlanShahWorld,,https://www.tiktok.com/@azlanhere,https://www.instagram.com/azlanshahofficial/,,322K,,,375K,,47093806,,,,122.8K,2.8M,,,,Male,,,
Dr. Warisha Azlan Shah,Travel/Lifestyle,https://www.instagram.com/warisha.jk/,,,,https://www.instagram.com/warisha.jk/,,483K,,,,,,,,,,,,,,Female,,,
Shahbaz Hamid Shigri,Actor/Lifestyle,https://www.instagram.com/shahbazshigri/,,,,https://www.instagram.com/shahbazshigri/,,154K,,,,,,,,,,,,,,Male,,,
Shahbaz Shazi,Fashion/Photography/Lifestyle,https://www.instagram.com/shahbazshaziofficial/,,,,https://www.instagram.com/shahbazshaziofficial/,,49.3K,,,,,,,,,,,,,,Male,,,
Muzammil Syed,Anchor,https://www.instagram.com/realsyedmuzammil/,https://www.youtube.com/channel/UCAyd8kYxON-KM0UuRuK_sIg,,,https://www.instagram.com/realsyedmuzammil/,,208K,,,676K,,70343654,,,,,,,,,Male,,,
Muzammil Ahmad,Anchor,https://www.instagram.com/muzammilahmadb/,,,,https://www.instagram.com/muzammilahmadb/,,86.7K,,,,,,,,,,,,,,Male,,,
Hamza Sohail,Actor/Lifestyle,https://www.instagram.com/hamzasohail_96/,,,,https://www.instagram.com/hamzasohail_96/,,850K,,,,,,,,,,,,,,Male,,,
Hamza Bin Qasim,Photography/Lifestyle,https://www.instagram.com/hamzabinqasimphotography/,,,,https://www.instagram.com/hamzabinqasimphotography/,,176K,,,,,,,,,,,,,,Male,,,
Hamza Bhatti,Travel/Food/Car/Lifestyle,https://www.instagram.com/hamzathebhatti/,https://www.youtube.com/channel/UCQV5eRIX84s05niPn-kWYLA,https://www.facebook.com/HamzaTheBhatti,https://www.tiktok.com/@hamzathebhatti,https://www.instagram.com/hamzathebhatti/,,645K,,,112K,,25078304,,,,766.6K,19.8M,,,,Male,,,
Haris Awan,Comedy/Lifestyle,https://www.instagram.com/theharisawan/,https://www.youtube.com/@harisawanpranks,,,https://www.instagram.com/theharisawan/,,216K,,,1.38M,,165818016,,,,,,,,,Male,,,
Haris Rauf,Cricketer/Athlete/Lifestyle,https://www.instagram.com/harisraufofficial/,,,,https://www.instagram.com/harisraufofficial/,,1.7M,,,,,,,,,,,,,,Male,,,
Ahsan Khan,Acting/Lifestyle,https://www.instagram.com/khanahsanofficial/,,,,https://www.instagram.com/khanahsanofficial/,,1M,,,,,,,,,,,,,,Male,,,
Sherry Boyy,Music/Lifestyle,https://www.instagram.com/sherryboyy/,,,,https://www.instagram.com/sherryboyy/,,197K,,,,,,,,,,,,,,Male,,,
Ayesha Naveed,Beauty/Lifestyle,https://www.instagram.com/adifferentinflection/,,,,https://www.instagram.com/adifferentinflection/,,18.6K,,,,,,,,,,,,,,Female,,,
Bilal Qureshi,Actor/Lifestyle,https://www.instagram.com/bilal.qureshi/,,,,https://www.instagram.com/bilal.qureshi/,,1M,,,,,,,,,,,,,,Male,,,
Bilal Marth,Vlogger/Lifestyle,https://www.instagram.com/bilal.marth07/,https://www.youtube.com/@Bilalmarthofficial07,,https://www.tiktok.com/@bilalmarth07,https://www.instagram.com/bilal.marth07/,,788K,,,564K,,64642605,,,,2.9M,402.7M,,,,Male,,,
Bilal Abbas Khan,Actor/Lifestyle,https://www.instagram.com/bilalabbas_khan/,,,,https://www.instagram.com/bilalabbas_khan/,,4.9M,,,,,,,,,,,,,,Male,,,
Rabia Mughni,Beauty/Lifestyle,https://www.instagram.com/rabia_mughni/,https://www.youtube.com/@iamrabiamughni,,,https://www.instagram.com/rabia_mughni/,,335K,,,109K,,20935768,,,,,,,,,Female,,,
Haris Khan,Car/Lifestyle,https://www.instagram.com/hariskhan.hq/,,,,https://www.instagram.com/hariskhan.hq/,,20.6K,,,,,,,,,,,,,,Male,,,
Haris Khan,Trader/Lifestyle,https://www.instagram.com/hariskhantrader/,https://www.youtube.com/@hariskhantrader,,,https://www.instagram.com/hariskhantrader/,,21.1K,,,42.5K,,1452813,,,,,,,,,Male,,,
Ali Raza Rizvi,Gym/Lifestyle,https://www.instagram.com/arrlifts/,https://www.youtube.com/@arrlifts,,,https://www.instagram.com/arrlifts/,,243K,,,16.8K,,1135043,,,,,,,,,Male,,,
Ali Raza,Actor/Lifestyle,https://www.instagram.com/alirazaishere/,https://www.youtube.com/@Alirazaishere28,,,https://www.instagram.com/alirazaishere/,,1.1M,,,102K,,22655306,,,,,,,,,Male,,,
Muzammil Murtaza,Athlete/Lifestyle,https://www.instagram.com/muzammil_murtaza1/,,,,https://www.instagram.com/muzammil_murtaza1/,,1935,,,,,,,,,,,,,,Male,,,
Hassan Gul,Model/Lifestyle,https://www.instagram.com/hasssanngul/,https://www.youtube.com/@hassanngulyt,,https://www.tiktok.com/@hassanngul,https://www.instagram.com/hasssanngul/,,248K,,,6.53K,,103809,,,,182.3K,16.6M,,,,Male,,,
Fatima Khan,Beauty/Lifestyle,https://www.instagram.com/fatimakshahid/,,,https://www.tiktok.com/@fatimakhanshahid,https://www.instagram.com/fatimakshahid/,,10.3K,,,,,,,,,12.4K,164K,,,,Female,,,
Fatima Khan,Beauty/Fashion/FoodLifestyle,https://www.instagram.com/fatimaa_.khaann/,,,,https://www.instagram.com/fatimaa_.khaann/,,19.1K,,,,,,,,,,,,,,Female,,,
Fatima Irfan Shaikh,Beauty/Lifestyle,https://www.instagram.com/glossips/,,,,,,514K,,,,,,,,,,,,,,Female,,,
Bilal Khan,Music/Singer,https://www.instagram.com/bilalkhanmusic/,,,,https://instagram.com/bilalkhanmusic,,476K,,,,,,,,,,,,,,Male,,,
Kanwal Farooq,Lifestyle/Beauty,https://www.instagram.com/kanwalfarooq/,,,,https://www.instagram.com/kanwalfarooq/,,185K,,,,,,,,,,,,,,Female,,,
Kanwal Aftab,Lifestyle/Beauty,https://www.instagram.com/kanwal.135/,,,,https://www.instagram.com/kanwal.135/,,4.4M,,,,,,,,,,,,,,Female,,,
Kanwal Cheema,Lifestyle/Beauty,https://www.instagram.com/kanwalcheema19/,,,,https://www.instagram.com/kanwalcheema19/,,132K,,,,,,,,,,,,,,Female,,,
Kanwal Ahmed,Lifestyle/Community,https://www.instagram.com/kanwalful/,,,,https://www.instagram.com/kanwalful/,,151K,,,,,,,,,,,,,,Female,,,
Ramsha Khan,Acting/Drama,https://www.instagram.com/ramshakhanofficial/,,,,https://www.instagram.com/ramshakhanofficial/,,3.5M,,,,,,,,,,,,,,Female,,,
Ramsha Butt,Lifestyle/Beauty,https://www.instagram.com/ramshatauseefbutt/,,,https://www.tiktok.com/@ramshabutt305,https://www.instagram.com/ramshatauseefbutt/,,24.9K,,,,,,,,,12.8K,164.1K,,,,Female,,,
Rana Umair,Food/Lifestyle,https://www.instagram.com/food_exploration_with_umair/,https://www.youtube.com/@Food_exploration_with_umair,,https://www.tiktok.com/@food_exploration_umair,https://www.instagram.com/food_exploration_with_umair/,,280K,,,8.8K,,349110,,,,243.8K,7.3M,,,,Male,,,
Umair Saleem,Fashion/Photography,https://www.instagram.com/iamumairsaleem/,,,,https://www.instagram.com/iamumairsaleem/,,9895,,,,,,,,,,,,,,Male,,,
Umair Jaswal,Music/Acting,https://www.instagram.com/umairjaswalofficial/,,,,https://www.instagram.com/umairjaswalofficial/,,565K,,,,,,,,,,,,,,Male,,,
Muhammad Umair Khan,Fashion/Lifestyle,https://www.instagram.com/umairkhanyousafzaii/,,,,https://www.instagram.com/umairkhanyousafzaii/,,182K,,,,,,,,,,,,,,Male,,,
Asad Nadeem Mughal,Gamer/Vlogger,https://www.instagram.com/ig_babaop/,https://www.youtube.com/@BabaOpVlog,,https://www.tiktok.com/@babaop49,https://www.instagram.com/ig_babaop/,,500K,,,1.24M,,116117122,,,,269.9K,5.4M,,,,Male,,,
Asad Memon,Athlete/Lifestyle,https://www.instagram.com/asadmnpak/,,,,https://www.instagram.com/asadmnpak/,,24.8K,,,,,,,,,,,,,,Male,,,
Saqib Mobeen,Food/Travel/Lifestyle,https://www.instagram.com/saqibmobeen/,,,,https://www.instagram.com/saqibmobeen/,,212K,,,,,,,,,,,,,,Male,,,
Momin Saqib,Comedy/Education/Lifestyle,https://www.instagram.com/mominsaqib/,https://www.youtube.com/@MominSaqib.Official,,https://www.tiktok.com/@mominsaqib,https://www.instagram.com/mominsaqib/,,1.9M,,,752K,,288130072,,,,1.6M,56.5M,,,,Male,,,
Amber Javed,Fashion/Beauty/Lifestyle,https://www.instagram.com/awardrobeaffair/,,,,https://www.instagram.com/awardrobeaffair/,,140K,,,,,,,,,,,,,,Female,,,
Hadiqa Kiani,Music/Acting,https://www.instagram.com/hadiqakianiofficial/,https://www.youtube.com/@HadiqaKianiOfficial,,https://www.tiktok.com/@hadiqakianiofficial,https://www.instagram.com/hadiqakianiofficial/,,2.2M,,,561K,,132933914,,,,546K,7.3M,,,,Female,,,

Bilal Abbas Khan,Actor/Film & TV,https://www.instagram.com/bilalabbas_khan/,,,,https://www.instagram.com/bilalabbas_khan/,,4.9M,,,,,,,,,,,,,,Male,,,
Frieha Altaf,Fashion/Event Management,https://www.instagram.com/friehaaltaf/,,,,https://www.instagram.com/friehaaltaf/,,157K,,,,,,,,,,,,,,Female,,,
Maha Tahirani,Model/Actress,https://www.instagram.com/mahatahiranii/,,,,https://www.instagram.com/mahatahiranii/,,152K,,,,,,,,,,,,,,Female,,,
Javeria Saud,TV Personality/Producer/YouTuber,https://www.instagram.com/javeria_saud_official/,https://www.youtube.com/@JaveriaSaudQasmi,, ,https://www.instagram.com/javeria_saud_official/,,835K,,,845K,,205526309,,,,,,,,,Female,,,
Shehzad Sheikh,Actor,https://www.instagram.com/shahzadsheikh37/,,,,https://www.instagram.com/shahzadsheikh37/,,1M,,,,,,,,,,,,,,Male,,,
Tabish Hashmi,Comedian/Host,https://www.instagram.com/tabishhashmi/,,,,https://www.instagram.com/tabishhashmi/,,718K,,,,,,,,,,,,,,Male,,,

Zainab Abbas,Sports Presenter/Journalist,https://www.instagram.com/zabbasofficial/,,,,https://www.instagram.com/zabbasofficial/,,927K,,,,,,,,,,,,,,Female,,,
Murtaza Ali Shah,Journalist/Reporter,https://www.instagram.com/murtazaviews/,,,,https://www.instagram.com/murtazaviews/,,303K,,,,,,,,,,,,,,Male,,,
Sidra Batool,Actress,https://www.instagram.com/sidrabatoolo/,,,,https://www.instagram.com/sidrabatoolo/,,267K,,,,,,,,,,,,,,Female,,,
Mikaal Zulfiqar,Actor/Model,https://www.instagram.com/mikaalzulfiqar/,,,,https://www.instagram.com/mikaalzulfiqar/,,1.9M,,,,,,,,,,,,,,Male,,,
Juggun Kazim,Actress/Host,https://www.instagram.com/juggunkazim/,,,,https://www.instagram.com/juggunkazim/,,1.7M,,,,,,,,,,,,,,Female,,,
Feroze Khan,Actor/Model,https://www.instagram.com/ferozekhan/,,,,https://www.instagram.com/ferozekhan/,,8.7M,,,,,,,,,,,,,,Male,,,
Yumna Zaidi,Actress,https://www.instagram.com/yumnazaidiofficial/,,,,https://www.instagram.com/yumnazaidiofficial/,,10.3M,,,,,,,,,,,,,,Female,,,
Ahad Raza Mir,Actor,https://www.instagram.com/ahadrazamir/,,,,https://www.instagram.com/ahadrazamir/,,3.7M,,,,,,,,,,,,,,Male,,,
Kubra Khan,Actress,https://www.instagram.com/thekubism/,,,,https://www.instagram.com/thekubism/,,3.7M,,,,,,,,,,,,,,Female,,,
Gohar Rasheed,Actor,https://www.instagram.com/mirzagoharrasheed/,,,,https://www.instagram.com/mirzagoharrasheed/,,358K,,,,,,,,,,,,,,Male,,,

Armeena Khan,Actor/Model,https://www.instagram.com/armeenakhanofficial/,,,,https://www.instagram.com/armeenakhanofficial/,,2.1M,,,,,,,,,,,,,,Female,,,
Osman Khalid Butt,Actor/Writer,https://www.instagram.com/aclockworkobi/,,,,https://www.instagram.com/aclockworkobi/,,1.4M,,,,,,,,,,,,,,Male,,,
Sarwat Gilani,Actress/Model,https://www.instagram.com/sarwatg/,,,,https://www.instagram.com/sarwatg/,,1.8M,,,,,,,,,,,,,,Female,,,
Faysal Quraishi,Actor/TV Host,https://www.instagram.com/faysalquraishi/,,,,https://www.instagram.com/faysalquraishi/,,1.8M,,,,,,,,,,,,,,Male,,,
Sanam Saeed,Actress,https://www.instagram.com/sanammody/,,,,https://www.instagram.com/sanammody/,,941K,,,,,,,,,,,,,,Female,,,
Mohib Mirza,Actor/Host,https://www.instagram.com/mohibmirza/,,,,https://www.instagram.com/mohibmirza/,,1.1M,,,,,,,,,,,,,,Male,,,
Tooba Siddiqui,Actress/Model,https://www.instagram.com/toobasiddiquiofficial/,,,,https://www.instagram.com/toobasiddiquiofficial/,,199K,,,,,,,,,,,,,,Female,,,
Emmad Irfani,Actor/Model,https://www.instagram.com/emmadirfani/,,,,https://www.instagram.com/emmadirfani/,,1.1M,,,,,,,,,,,,,,Male,,,
Sohai Ali Abro,Actress/Model,https://www.instagram.com/sohaialiabroofficial/,,,,https://www.instagram.com/sohaialiabroofficial/,,1M,,,,,,,,,,,,,,Female,,,
Adnan Siddiqui,Actor/Producer,https://www.instagram.com/adnansid1/,,,,https://www.instagram.com/adnansid1//,,1.1M,,,,,,,,,,,,,,Male,,,
Minal Khan,Actress,https://www.instagram.com/minalkhan.official/,,,,https://www.instagram.com/minalkhan.official/,,10.6M,,,,,,,,,,,,,,Female,,,
Hassan Hayat Khan,Actor/Model,https://www.instagram.com/hassanhayatkhan/,,,,https://www.instagram.com/hassanhayatkhan/,,263K,,,,,,,,,,,,,,Male,,,
Salma Zafar,Actress,https://www.instagram.com/salmazafar.asim/,,,,https://www.instagram.com/salmazafar.asim/,,164K,,,,,,,,,,,,,,Female,,,
Asad Siddiqui,Actor,https://www.instagram.com/asadsidofficial/,,,,https://www.instagram.com/asadsidofficial/,,844K,,,,,,,,,,,,,,Male,,,
Zara Noor Abbas,Actress,https://www.instagram.com/zaranoorabbas.official/,,,,https://www.instagram.com/zaranoorabbas.official/,,6.8M,,,,,,,,,,,,,,Female,,,
Yasir Hussain,Actor/Host,https://www.instagram.com/yasir.hussain131/,,,,https://www.instagram.com/yasir.hussain131/,,2.1M,,,,,,,,,,,,,,Male,,,
Iffat Omar,Actress/Producer,https://www.instagram.com/iffatomarofficial/,,,,https://www.instagram.com/iffatomarofficial/,,204K,,,,,,,,,,,,,,Female,,,
Ghana Ali,Actress,https://www.instagram.com/ghanaaliofficial/,,,,https://www.instagram.com/ghanaaliofficial/,,1.2M,,,,,,,,,,,,,,Female,,,
Faryal Makhdoom,Beauty/Fashion,https://www.instagram.com/faryalmakhdoom/,,,,https://www.instagram.com/faryalmakhdoom/,,1M,,,,,,,,,,,,,,Female,,,
Saheefa Jabbar Khattak,Actress/Model,https://www.instagram.com/saheefajabbarkhattak/,,,,https://www.instagram.com/saheefajabbarkhattak/,,886K,,,,,,,,,,,,,,Female,,,

Mashal Khan,Actress/Model,https://www.instagram.com/mashalkh/,,,,https://www.instagram.com/mashalkh/,,1.2M,,,,,,,,,,,,,,Female,,,
Srha Asghar,Actress/Model,https://www.instagram.com/srhaasgr.official/,,,,https://www.instagram.com/srhaasgr.official/,,1.4M,,,,,,,,,,,,,,Female,,,
Shaista Lodhi,TV Host/Actress,https://www.instagram.com/iamshaistalodhi/,,,,https://www.instagram.com/iamshaistalodhi/,,2M,,,,,,,,,,,,,,Female,,,
Nida Yasir,TV Host/Producer,https://www.instagram.com/itsnidayasir.official/,,,,https://www.instagram.com/itsnidayasir.official/,,2.6M,,,,,,,,,,,,,,Female,,,
Madiha Imam,Actress,https://www.instagram.com/madihaimam/,,,,https://www.instagram.com/madihaimam/,,1.2M,,,,,,,,,,,,,,Female,,,
Aagha Ali,Actor/Singer,https://www.instagram.com/aaghaaliofficial/,,,,https://www.instagram.com/aaghaaliofficial/,,1.1M,,,,,,,,,,,,,,Male,,,
Muneeb Butt,Actor,https://www.instagram.com/muneeb_butt/,,,,https://www.instagram.com/muneeb_butt/,,5.2M,,,,,,,,,,,,,,Male,,,
Alyzeh Gabol,Model,https://www.instagram.com/alyzehgabol/,,,,https://www.instagram.com/alyzehgabol/,,325K,,,,,,,,,,,,,,Female,,,
Adeel Afzal,Actor/Writer,https://www.instagram.com/kasae.darvaish/,,,,https://www.instagram.com/kasae.darvaish/,,158K,,,,,,,,,,,,,,Male,,,
Sadia Jabbar,Producer,https://www.instagram.com/sadiajabbarqasim/,,,,https://www.instagram.com/sadiajabbarqasim/,,21K,,,,,,,,,,,,,,Female,,,
Ayesha Jehanzeb,Host/Comedian,https://www.instagram.com/ayeshajehanzebofficial/,,,,https://www.instagram.com/ayeshajehanzebofficial/,,235K,,,,,,,,,,,,,,Female,,,
Sundas Khalid,Education,https://www.instagram.com/sundaskhalidd/,,,,https://www.instagram.com/sundaskhalidd/,,308K,,,,,,,,,,,,,,Female,,,
Ali Arif,Actor/Musician,https://www.instagram.com/aliarifofficial/,,,,https://www.instagram.com/aliarifofficial/,,191K,,,,,,,,,,,,,,Male,,,
Usama Khan,Actor,https://www.instagram.com/usama.khan11/,,,,https://www.instagram.com/usama.khan11/,,830K,,,,,,,,,,,,,,Male,,,
Sadia Ghaffar,Actress,https://www.instagram.com/sadiaghaffar/,,,,https://www.instagram.com/sadiaghaffar/,,1.1M,,,,,,,,,,,,,,Female,,,
Ali Abbas,Actor,https://www.instagram.com/aliabbasofficial/,,,,https://www.instagram.com/aliabbasofficial/,,482K,,,,,,,,,,,,,,Male,,,

Momal Sheikh,Actress/Producer,https://www.instagram.com/momal15/,,,,https://www.instagram.com/momal15/,,3M,,,,,,,,,,,,,,Female,,,
Shahroz Sabzwari,Actor/Model,https://www.instagram.com/shahrozsabzwari/,,,,https://www.instagram.com/shahrozsabzwari/,,1M,,,,,,,,,,,,,,Male,,,
Syed Jibran,Actor,https://www.instagram.com/syedjibranofficial/,,,,https://www.instagram.com/syedjibranofficial/,,258K,,,,,,,,,,,,,,Male,,,
Yashma Gill,Actress/Model,https://www.instagram.com/yashmagillofficial/,,,,https://www.instagram.com/yashmagillofficial/,,1.6M,,,,,,,,,,,,,,Female,,,
Ushna Shah,Actress,https://www.instagram.com/ushnashah/,,,,https://www.instagram.com/ushnashah/,,2.7M,,,,,,,,,,,,,,Female,,,
Dur-e-Fishan Saleem,Actress,https://www.instagram.com/durefishans/,,,,https://www.instagram.com/durefishans/,,7.5M,,,,,,,,,,,,,,Female,,,
Nimra Khan,Actress/Model,https://www.instagram.com/nimrakhan_official/,,,,https://www.instagram.com/nimrakhan_official/,,4M,,,,,,,,,,,,,,Female,,,
Saboor Aly,Actress,https://www.instagram.com/sabooraly/,,,,https://www.instagram.com/sabooraly/,,5.3M,,,,,,,,,,,,,,Female,,,
Ali Ansari,Actor/Model,https://www.instagram.com/aliansari_a2/,,,,https://www.instagram.com/aliansari_a2/,,2.2M,,,,,,,,,,,,,,Male,,,
Azekah Daniel,Actress,https://www.instagram.com/azekah.daniel/,,,,https://www.instagram.com/azekah.daniel/,,2.4M,,,,,,,,,,,,,,Female,,,
Sana Askari,Actress,https://www.instagram.com/sanaskari/,,,,https://www.instagram.com/sanaskari/,,43.8K,,,,,,,,,,,,,,Female,,,
Fawad Jalal,Actor,https://www.instagram.com/fawadjalal_official/,,,,https://www.instagram.com/fawadjalal_official/,,22K,,,,,,,,,,,,,,Male,,,
Anmol Baloch,Actress,https://www.instagram.com/anmol_baloxh/,,,,https://www.instagram.com/anmol_baloxh/,,2.6M,,,,,,,,,,,,,,Female,,,
Salman Saeed,Actor,https://www.instagram.com/salmansaeedofficial/,,,,https://www.instagram.com/salmansaeedofficial/,,129K,,,,,,,,,,,,,,Male,,,
Sehar Khan,Actress,https://www.instagram.com/seharkhan_official/,,,,https://www.instagram.com/seharkhan_official/,,3.2M,,,,,,,,,,,,,,Female,,,
Asim Mehmood,Actor/Model,https://www.instagram.com/asimmehmoodofficial/,,,,https://www.instagram.com/asimmehmoodofficial/,,213K,,,,,,,,,,,,,,Male,,,
Laiba Khan,Actress/Model,https://www.instagram.com/laibaakhanofficial/,,,,https://www.instagram.com/laibaakhanofficial/,,3.6M,,,,,,,,,,,,,,Female,,,

Hajra Yamin,Actress,https://www.instagram.com/hajra_yamin/,,,,https://www.instagram.com/hajra_yamin/,,1M,,,,,,,,,,,,,,Female,,,
Ali Safina,Actor/Host,https://www.instagram.com/alisafina/,,,,https://www.instagram.com/alisafina/,,258K,,,,,,,,,,,,,,Male,,,
Navin Waqar,Actress/Model,https://www.instagram.com/navinwaqarofficial/,,,,https://www.instagram.com/navinwaqarofficial/,,501K,,,,,,,,,,,,,,Female,,,
Faizan Sheikh,Actor/Host,https://www.instagram.com/mfaizansk/,,,,https://www.instagram.com/mfaizansk/,,886K,,,,,,,,,,,,,,Male,,,
Agha Mustafa Hassan,Actor,https://www.instagram.com/aghamustafahassan/,,,,https://www.instagram.com/aghamustafahassan/,,95.5K,,,,,,,,,,,,,,Male,,,
Paras Masroor,Actor,https://www.instagram.com/parasmasroor.official/,,,,https://www.instagram.com/parasmasroor.official/,,29.9K,,,,,,,,,,,,,,Male,,,
Zoya Nasir,Actress/Model,https://www.instagram.com/zoyanasir/,,,,https://www.instagram.com/zoyanasir/,,958K,,,,,,,,,,,,,,Female,,,
Saba Qamar,Actress,https://www.instagram.com/sabaqamarzaman/,,,,https://www.instagram.com/sabaqamarzaman/,,6.2M,,,,,,,,,,,,,,Female,,,
Mehwish Hayat,Actress/Singer,https://www.instagram.com/mehwishhayatofficial/,,,,https://www.instagram.com/mehwishhayatofficial/,,5.2M,,,,,,,,,,,,,,Female,,,
Humayun Saeed,Actor/Producer,https://www.instagram.com/saeedhumayun/,,,,https://www.instagram.com/saeedhumayun/,,7.5M,,,,,,,,,,,,,,Male,,,
Maya Ali,Actress/Model,https://www.instagram.com/official_mayaali/,,,,https://www.instagram.com/official_mayaali/,,8.5M,,,,,,,,,,,,,,Female,,,
Ali Zafar,Singer/Actor,https://www.instagram.com/ali_zafar/,,,,https://www.instagram.com/ali_zafar/,,6.1M,,,,,,,,,,,,,,Male,,,
Atif Aslam,Singer,https://www.instagram.com/atifaslam/,,,,https://www.instagram.com/atifaslam/,,10.9M,,,,,,,,,,,,,,Male,,,
Rahat Fateh Ali Khan,Singer,https://www.instagram.com/officialrfakworld/,,,,https://www.instagram.com/officialrfakworld/,,829K,,,,,,,,,,,,,,Male,,,
Momina Mustehsan,Singer/Songwriter,https://www.instagram.com/mominamustehsan/,,,,https://www.instagram.com/mominamustehsan/,,3.9M,,,,,,,,,,,,,,Female,,,
Aima Baig,Singer,https://www.instagram.com/aima_baig_official/,,,,https://www.instagram.com/aima_baig_official/,,6.5M,,,,,,,,,,,,,,Female,,,
Hania Aamir,Actress/Model,https://www.instagram.com/haniaheheofficial/,,,,https://www.instagram.com/haniaheheofficial/,,19.1M,,,,,,,,,,,,,,Female,,,
Vaneeza Sattar,Model/Designer,https://www.instagram.com/vaneezavv/,,,,https://www.instagram.com/vaneezavv/,,112K,,,,,,,,,,,,,,Female,,,
Bushra Ansari,Actress/Writer,https://www.instagram.com/ansari.bushra/,,,,https://www.instagram.com/ansari.bushra/,,882K,,,,,,,,,,,,,,Female,,,
Sadia Imam,Actress/Host,https://www.instagram.com/sadiaimmam.official/,,,,https://www.instagram.com/sadiaimmam.official/,,133K,,,,,,,,,,,,,,Female,,,
Reema Khan,Actress/Director,https://www.instagram.com/iamreemakhan/,,,,https://www.instagram.com/iamreemakhan/,,972K,,,,,,,,,,,,,,Female,,,
Iman Ali,Actress/Model,https://www.instagram.com/imanalyofficial/,,,,https://www.instagram.com/imanalyofficial/,,399K,,,,,,,,,,,,,,Female,,,

Sadia Faisal,Actress/Model,https://www.instagram.com/sadiafaisalofficial/,,,,https://www.instagram.com/sadiafaisalofficial/,,661K,,,,,,,,,,,,,,Female,,,
Saima Noor,Actress,https://www.instagram.com/saima.noorofficial/,,,,https://www.instagram.com/saima.noorofficial/,,5345K,,,,,,,,,,,,,,Female,,,
Sania Mirza,Athlete/Tennis Player,https://www.instagram.com/mirzasaniar/,,,,https://www.instagram.com/mirzasaniar/,,12.9M,,,,,,,,,,,,,,Female,,,
Shoaib Malik,Cricketer,https://www.instagram.com/realshoaibmalik/,,,,https://www.instagram.com/realshoaibmalik/,,2.5M,,,,,,,,,,,,,,Male,,,
Babar Azam,Cricketer,https://www.instagram.com/babarazam/,,,,https://www.instagram.com/babarazam/,,6.2M,,,,,,,,,,,,,,Male,,,
Sarfaraz Ahmed,Cricketer,https://www.instagram.com/sarfaraz54/,,,,https://www.instagram.com/sarfaraz54/,,572K,,,,,,,,,,,,,,Male,,,
Shaheen Afridi,Cricketer,https://www.instagram.com/ishaheenafridi10/,,,,https://www.instagram.com/ishaheenafridi10/,,2.8M,,,,,,,,,,,,,,Male,,,
Imad Wasim,Cricketer,https://www.instagram.com/imadwasim/,,,,https://www.instagram.com/imadwasim/,,720K,,,,,,,,,,,,,,Male,,,
Wahab Riaz,Cricketer,https://www.instagram.com/wahabviki/,,,,https://www.instagram.com/wahabviki/,,705K,,,,,,,,,,,,,,Male,,,
Naseem Shah,Cricketer,https://www.instagram.com/inaseemshah/,,,,https://www.instagram.com/inaseemshah/,,2.7M,,,,,,,,,,,,,,Male,,,
Shadab Khan,Cricketer,https://www.instagram.com/shadab0800/,,,,https://www.instagram.com/shadab0800/,,2.5M,,,,,,,,,,,,,,Male,,,
Asif Ali,Cricketer,https://www.instagram.com/asif9741/,,,,https://www.instagram.com/asif9741//,,621K,,,,,,,,,,,,,,Male,,,
Faheem Ashraf,Cricketer,https://www.instagram.com/rana_faheem_ashraf/,,,,https://www.instagram.com/rana_faheem_ashraf/,,420K,,,,,,,,,,,,,,Male,,,
Mohammad Hasnain,Cricketer,https://www.instagram.com/m.hasnain20/,,,,https://www.instagram.com/m.hasnain20/,,669K,,,,,,,,,,,,,,Male,,,
Usman Shinwari,Cricketer,https://www.instagram.com/shinwarii36/,,,,https://www.instagram.com/shinwarii36/,,82.4K,,,,,,,,,,,,,,Male,,,
Khushdil Shah,Cricketer,https://www.instagram.com/shahkhushdil/,,,,https://www.instagram.com/shahkhushdil/,,155K,,,,,,,,,,,,,,Male,,,
Iftikhar Ahmed,Cricketer,https://www.instagram.com/iftiahmed221/,,,,https://www.instagram.com/iftiahmed221/,,527K,,,,,,,,,,,,,,Male,,,
Mohammad Nawaz,Cricketer,https://www.instagram.com/m_nawazkhan/,,,,https://www.instagram.com/m_nawazkhan/,,560K,,,,,,,,,,,,,,Male,,,
Shan Masood,Cricketer,https://www.instagram.com/shani_official89/,,,,https://www.instagram.com/shani_official89/,,343K,,,,,,,,,,,,,,Male,,,
Abid Ali,Cricketer,https://www.instagram.com/abidalioffical/,,,,https://www.instagram.com/abidalioffical/,,109K,,,,,,,,,,,,,,Male,,,
Azhar Ali,Cricketer,https://www.instagram.com/azharali79_/,,,,https://www.instagram.com/azharali79_/,,880K,,,,,,,,,,,,,,Male,,,
Saud Shakeel,Cricketer,https://www.instagram.com/isaudshak/,,,,https://www.instagram.com/isaudshak/,,128K,,,,,,,,,,,,,,Male,,,
Agha Salman,Cricketer,https://www.instagram.com/salmanagha247/,,,,https://www.instagram.com/salmanagha247/,,219K,,,,,,,,,,,,,,Male,,,
Sharjeel Khan,Cricketer,https://www.instagram.com/sharjeelkhan1989/,,,,https://www.instagram.com/sharjeelkhan1989/,,77K,,,,,,,,,,,,,,Male,,,
Kamran Akmal,Cricketer,https://www.instagram.com/kamranakmal23/,,,,https://www.instagram.com/kamranakmal23/,,241K,,,,,,,,,,,,,,Male,,,

#Umar Akmal, Sports/Cricket,https://www.instagram.com/umarakmal/,https://www.youtube.com/@UmarAkmalOfficial,https://www.facebook.com/UmarAkmalOfficial,,https://www.instagram.com/umarakmal/,Batsman,,
#Zohaib Ashraf, Sports/Cricket,https://www.instagram.com/zohaibashraf_official/,https://www.youtube.com/@ZohaibAshrafOfficial,https://www.facebook.com/ZohaibAshrafOfficial,,https://www.instagram.com/zohaibashraf_official/,Wicketkeeper,,
#Bismillah Khan, Sports/Cricket,https://www.instagram.com/bismillahkhanofficial/,https://www.youtube.com/@BismillahKhanOfficial,https://www.facebook.com/BismillahKhanOfficial,,https://www.instagram.com/bismillahkhanofficial/,Wicketkeeper,,
#Rohail Nazir, Sports/Cricket,https://www.instagram.com/rohailnazirofficial/,https://www.youtube.com/@RohailNazirOfficial,https://www.facebook.com/RohailNazirOfficial,,https://www.instagram.com/rohailnazirofficial/,Young talent,,
#Zeeshan Zameer, Sports/Cricket,https://www.instagram.com/zeeshanzameerofficial/,https://www.youtube.com/@ZeeshanZameerOfficial,https://www.facebook.com/ZeeshanZameerOfficial,,https://www.instagram.com/zeeshanzameerofficial/,Batsman,,
#Hussain Talat, Sports/Cricket,https://www.instagram.com/hussaintalatofficial/,https://www.youtube.com/@HussainTalatOfficial,https://www.facebook.com/HussainTalatOfficial,,https://www.instagram.com/hussaintalatofficial/,All-rounder,,
#Khurram Manzoor, Sports/Cricket,https://www.instagram.com/khurrammanzoorofficial/,https://www.youtube.com/@KhurramManzoorOfficial,https://www.facebook.com/KhurramManzoorOfficial,,https://www.instagram.com/khurrammanzoorofficial/,Opener,,
#Sami Aslam, Sports/Cricket,https://www.instagram.com/samiaslamofficial/,https://www.youtube.com/@SamiAslamOfficial,https://www.facebook.com/SamiAslamOfficial,,https://www.instagram.com/samiaslamofficial/,Batsman,,
#Ahmed Shehzad, Sports/Cricket,https://www.instagram.com/ahmedshehzadofficial/,https://www.youtube.com/@AhmedShehzadOfficial,https://www.facebook.com/AhmedShehzadOfficial,,https://www.instagram.com/ahmedshehzadofficial/,Aggressive batsman,,
#Fakhar Zaman, Sports/Cricket,https://www.instagram.com/fakharzaman49/,https://www.youtube.com/@FakharZamanOfficial,https://www.facebook.com/FakharZamanOfficial,,https://www.instagram.com/fakharzaman49/,ODI specialist,,
#Haris Mohammad, Sports/Cricket,https://www.instagram.com/harismohammadofficial/,https://www.youtube.com/@HarisMohammadOfficial,https://www.facebook.com/HarisMohammadOfficial,,https://www.instagram.com/harismohammadofficial/,Bowler,,
#Usama Mir, Sports/Cricket,https://www.instagram.com/usamamirofficial/,https://www.youtube.com/@UsamaMirOfficial,https://www.facebook.com/UsamaMirOfficial,,https://www.instagram.com/usamamirofficial/,Leg spinner,,
#Zafar Gohar, Sports/Cricket,https://www.instagram.com/zafargoharofficial/,https://www.youtube.com/@ZafarGoharOfficial,https://www.facebook.com/ZafarGoharOfficial,,https://www.instagram.com/zafargoharofficial/,Spinner,,
#Mohammad Irfan, Sports/Cricket,https://www.instagram.com/mirfan_official/,https://www.youtube.com/@MohammadIrfanOfficial,https://www.facebook.com/MohammadIrfanOfficial,,https://www.instagram.com/mirfan_official/,Tall pacer,,
#Junaid Khan, Sports/Cricket,https://www.instagram.com/junaidkhan_official/,https://www.youtube.com/@JunaidKhanOfficial,https://www.facebook.com/JunaidKhanOfficial,,https://www.instagram.com/junaidkhan_official/,Swing bowler,,
#Sohail Khan, Sports/Cricket,https://www.instagram.com/sohailkhanofficial/,https://www.youtube.com/@SohailKhanOfficial,https://www.facebook.com/SohailKhanOfficial,,https://www.instagram.com/sohailkhanofficial/,Pacer,,
#Anwar Ali, Sports/Cricket,https://www.instagram.com/anwaraliofficial/,https://www.youtube.com/@AnwarAliOfficial,https://www.facebook.com/AnwarAliOfficial,,https://www.instagram.com/anwaraliofficial/,All-rounder,,
#Rumman Raees, Sports/Cricket,https://www.instagram.com/rummanraeesofficial/,https://www.youtube.com/@RummanRaeesOfficial,https://www.facebook.com/RummanRaeesOfficial,,https://www.instagram.com/rummanraeesofficial/,Left arm pacer,,
#Mohammad Amir, Sports/Cricket,https://www.instagram.com/amir_official/,https://www.youtube.com/@MohammadAmirOfficial,https://www.facebook.com/MohammadAmirOfficial,,https://www.instagram.com/amir_official/,Star pacer,,
#Zulfiqar Babar, Sports/Cricket,https://www.instagram.com/zulfiqarbabarofficial/,https://www.youtube.com/@ZulfiqarBabarOfficial,https://www.facebook.com/ZulfiqarBabarOfficial,,https://www.instagram.com/zulfiqarbabarofficial/,Spinner,,
#Yasir Shah, Sports/Cricket,https://www.instagram.com/yasirshah90/,https://www.youtube.com/@YasirShahOfficial,https://www.facebook.com/YasirShahOfficial,,https://www.instagram.com/yasirshah90/,Leg spinner,,
#Zahid Mahmood, Sports/Cricket,https://www.instagram.com/zahidmahmoodofficial/,https://www.youtube.com/@ZahidMahmoodOfficial,https://www.facebook.com/ZahidMahmoodOfficial,,https://www.instagram.com/zahidmahmoodofficial/,Off spinner,,
#Nauman Ali, Sports/Cricket,https://www.instagram.com/naumanaliofficial/,https://www.youtube.com/@NaumanAliOfficial,https://www.facebook.com/NaumanAliOfficial,,https://www.instagram.com/naumanaliofficial/,Spinner,,
#Sajid Khan, Sports/Cricket,https://www.instagram.com/sajidkhanofficial/,https://www.youtube.com/@SajidKhanOfficial,https://www.facebook.com/SajidKhanOfficial,,https://www.instagram.com/sajidkhanofficial/,Off spinner,,
#Khalid Usman, Sports/Cricket,https://www.instagram.com/khalidusmanofficial/,https://www.youtube.com/@KhalidUsmanOfficial,https://www.facebook.com/KhalidUsmanOfficial,,https://www.instagram.com/khalidusmanofficial/,Spinner,,
#Bilal Asif, Sports/Cricket,https://www.instagram.com/bilalasifofficial/,https://www.youtube.com/@BilalAsifOfficial,https://www.facebook.com/BilalAsifOfficial,,https://www.instagram.com/bilalasifofficial/,All-rounder,,
#Bilal Lashari,Acting/Director,https://www.instagram.com/bilallashari/,https://www.youtube.com/@BilalLashariOfficial,https://www.facebook.com/BilalLashariOfficial,,https://www.instagram.com/bilallashari/,Filmmaker and actor,,
#Sheheryar Munawar,Acting/Lifestyle,https://www.instagram.com/sheheryarmunawar/,https://www.youtube.com/@SheheryarMunawarOfficial,https://www.facebook.com/SheheryarMunawarOfficial,,https://www.instagram.com/sheheryarmunawar/,Actor and singer,,
#Noor Hassan,Acting/Host,https://www.instagram.com/noorhassanofficial/,https://www.youtube.com/@NoorHassanOfficial,https://www.facebook.com/NoorHassanOfficial,,https://www.instagram.com/noorhassanofficial/,TV actor,,
#Jana Malik,Acting/Drama,https://www.instagram.com/janamalik/,https://www.youtube.com/@JanaMalikOfficial,https://www.facebook.com/JanaMalikOfficial,,https://www.instagram.com/janamalik/,Veteran actress,,
#Haris Waheed,Acting/Drama,https://www.instagram.com/hariswaheedofficial/,https://www.youtube.com/@HarisWaheedOfficial,https://www.facebook.com/HarisWaheedOfficial,,https://www.instagram.com/hariswaheedofficial/,Actor,,
#Ali Rehman Khan,Acting/Lifestyle,https://www.instagram.com/alirehmankhan/,https://www.youtube.com/@AliRehmanKhanOfficial,https://www.facebook.com/AliRehmanKhanOfficial,,https://www.instagram.com/alirehmankhan/,Rising actor,,
#Naveen Waqar,Acting/Modeling,https://www.instagram.com/naveenwaqar28/,https://www.youtube.com/@NaveenWaqarOfficial,https://www.facebook.com/NaveenWaqarOfficial,,https://www.instagram.com/naveenwaqar28/,Actress and model,,
#Aiza Khan,Acting/Lifestyle,https://www.instagram.com/aizakhan.official/,https://www.youtube.com/@AizaKhanOfficial,https://www.facebook.com/AizaKhanOfficial,,https://www.instagram.com/aizakhan.official/,TV actress,,
#Affan Waheed,Acting/Drama,https://www.instagram.com/affanwaheedofficial/,https://www.youtube.com/@AffanWaheedOfficial,https://www.facebook.com/AffanWaheedOfficial,,https://www.instagram.com/affanwaheedofficial/,Actor,,
#Zainab Shabbir,Acting/Lifestyle,https://www.instagram.com/zainabshabbir_official/,https://www.youtube.com/@ZainabShabbirOfficial,https://www.facebook.com/ZainabShabbirOfficial,,https://www.instagram.com/zainabshabbir_official/,Emerging actress,,
#Rida Isfahani,Beauty/Fashion,https://www.instagram.com/ridaisfahani/,https://www.youtube.com/@RidaIsfahaniOfficial,https://www.facebook.com/RidaIsfahaniOfficial,,https://www.instagram.com/ridaisfahani/,Makeup artist,,
#Anoushay Abbasi,Acting/Lifestyle,https://www.instagram.com/anoushayabbasi/,https://www.youtube.com/@AnoushayAbbasiOfficial,https://www.facebook.com/AnoushayAbbasiOfficial,,https://www.instagram.com/anoushayabbasi/,Actress,,
#Kinza Hashmi,Acting/Drama,https://www.instagram.com/kinzahashmi/,https://www.youtube.com/@KinzaHashmiOfficial,https://www.facebook.com/KinzaHashmiOfficial,,https://www.instagram.com/kinzahashmi/,TV actress,,
#Hareem Farooq,Acting/Film,https://www.instagram.com/hareemfarooq/,https://www.youtube.com/@HareemFarooqOfficial,https://www.facebook.com/HareemFarooqOfficial,,https://www.instagram.com/hareemfarooq/,Film actress,,
#Meera,Acting/Film,https://www.instagram.com/meera_official/,https://www.youtube.com/@MeeraOfficial,https://www.facebook.com/MeeraOfficial,,https://www.instagram.com/meera_official/,Film actress,,
#Veena Malik,Acting/Modeling,https://www.instagram.com/veenamalik/,https://www.youtube.com/@VeenaMalikOfficial,https://www.facebook.com/VeenaMalikOfficial,,https://www.instagram.com/veenamalik/,Controversial actress,,
#Nargis Fakhri,Acting/International,https://www.instagram.com/nargisfakhri/,https://www.youtube.com/@NargisFakhriOfficial,https://www.facebook.com/NargisFakhriOfficial,,https://www.instagram.com/nargisfakhri/,Pakistani-American actress,,
#Shamoon Abbasi,Acting/Director,https://www.instagram.com/shamoonabbasi/,https://www.youtube.com/@ShamoonAbbasiOfficial,https://www.facebook.com/ShamoonAbbasiOfficial,,https://www.instagram.com/shamoonabbasi/,Independent filmmaker,,
#Adnan Sami, Music/Singing,https://www.instagram.com/adnansami58/,https://www.youtube.com/@AdnanSamiOfficial,https://www.facebook.com/AdnanSamiOfficial,,https://www.instagram.com/adnansami58/,Singer with Pakistani roots,,
#Shafqat Amanat Ali, Music/Singing,https://www.instagram.com/shafqatamanatofficial/,https://www.youtube.com/@ShafqatAmanatAliOfficial,https://www.facebook.com/ShafqatAmanatAliOfficial,,https://www.instagram.com/shafqatamanatofficial/,Classical singer,,
#Ali Azmat, Music/Rock,https://www.instagram.com/aliazmatmusic/,https://www.youtube.com/@AliAzmatOfficial,https://www.facebook.com/AliAzmatOfficial,,https://www.instagram.com/aliazmatmusic/,Rock musician,,
#Zeb Bangash, Music/Singing,https://www.instagram.com/zebbangash/,https://www.youtube.com/@ZebBangashOfficial,https://www.facebook.com/ZebBangashOfficial,,https://www.instagram.com/zebbangash/,Folk singer,,
#Salman Ahmad, Music/Rock,https://www.instagram.com/salmanahmadofficial/,https://www.youtube.com/@SalmanAhmadOfficial,https://www.facebook.com/SalmanAhmadOfficial,,https://www.instagram.com/salmanahmadofficial/,Junoon band member,,
#Faraz Anwar, Music/Guitar,https://www.instagram.com/farazanwarofficial/,https://www.youtube.com/@FarazAnwarOfficial,https://www.facebook.com/FarazAnwarOfficial,,https://www.instagram.com/farazanwarofficial/,Guitarist,,
#Sahir Ali Bagga, Music/Composer,https://www.instagram.com/sahiralibagga/,https://www.youtube.com/@SahirAliBaggaOfficial,https://www.facebook.com/SahirAliBaggaOfficial,,https://www.instagram.com/sahiralibagga/,Composer,,
#Ali Noor, Music/Rock,https://www.instagram.com/alinorofficial/,https://www.youtube.com/@AliNoorOfficial,https://www.facebook.com/AliNoorOfficial,,https://www.instagram.com/alinorofficial/,Musician,,
#Zohaib Kazi, Music/Producer,https://www.instagram.com/zohaibkazi/,https://www.youtube.com/@ZohaibKaziOfficial,https://www.facebook.com/ZohaibKaziOfficial,,https://www.instagram.com/zohaibkazi/,Music producer,,
#Rakshanda Nagpal, Acting/Drama,https://www.instagram.com/rakshandanagpal/,https://www.youtube.com/@RakshandaNagpalOfficial,https://www.facebook.com/RakshandaNagpalOfficial,,https://www.instagram.com/rakshandanagpal/,Actress,,
#Sunita Marshall, Modeling/Acting,https://www.instagram.com/sunitamarshall/,https://www.youtube.com/@SunitaMarshallOfficial,https://www.facebook.com/SunitaMarshallOfficial,,https://www.instagram.com/sunitamarshall/,Model,,
#VJ Manish, Entertainment/Host,https://www.instagram.com/vjmanishpaul/,https://www.youtube.com/@VJManishOfficial,https://www.facebook.com/VJManishOfficial,,https://www.instagram.com/vjmanishpaul/,Host,,
#Joanna Lumley, Acting/International,https://www.instagram.com/joannalumleyofficial/,https://www.youtube.com/@JoannaLumleyOfficial,https://www.facebook.com/JoannaLumleyOfficial,,https://www.instagram.com/joannalumleyofficial/,Actress with Pakistani ties,,
#Sadia Khan, Modeling/Fashion,https://www.instagram.com/sadiakhanworld/,https://www.youtube.com/@SadiaKhanOfficial,https://www.facebook.com/SadiaKhanOfficial,,https://www.instagram.com/sadiakhanworld/,Supermodel,,
#Amna Ilyas, Acting/Modeling,https://www.instagram.com/amna_ilyas/,https://www.youtube.com/@AmnaIlyasOfficial,https://www.facebook.com/AmnaIlyasOfficial,,https://www.instagram.com/amna_ilyas/,Actress and model,,
#Sartaj Khan, Music/Sufi,https://www.instagram.com/sartajkhanmusic/,https://www.youtube.com/@SartajKhanOfficial,https://www.facebook.com/SartajKhanOfficial,,https://www.instagram.com/sartajkhanmusic/,Sufi singer,,
#Abida Parveen, Music/Sufi,https://www.instagram.com/abidaparveenofficial/,https://www.youtube.com/@AbidaParveenOfficial,https://www.facebook.com/AbidaParveenOfficial,,https://www.instagram.com/abidaparveenofficial/,Legendary Sufi singer,,
#Ghulam Ali, Music/Classical,https://www.instagram.com/ghulamaliofficial/,https://www.youtube.com/@GhulamAliOfficial,https://www.facebook.com/GhulamAliOfficial,,https://www.instagram.com/ghulamaliofficial/,Ghazal singer,,
#Nusrat Fateh Ali Khan, Music/Qawwali,https://www.instagram.com/nusratfatehalikhan/,https://www.youtube.com/@NusratFatehAliKhanOfficial,https://www.facebook.com/NusratFatehAliKhanOfficial,,https://www.instagram.com/nusratfatehalikhan/,Qawwali legend,,
#Maria Wasti,Acting/Drama,https://www.instagram.com/mariawasti/,https://www.youtube.com/@MariaWastiOfficial,https://www.facebook.com/MariaWastiOfficial,,https://www.instagram.com/mariawasti/,Actress,,
#Resham,Acting/Film,https://www.instagram.com/reshamofficial/,https://www.youtube.com/@ReshamOfficial,https://www.facebook.com/ReshamOfficial,,https://www.instagram.com/reshamofficial/,Film actress,,
#Saim Ali,Acting/Lifestyle,https://www.instagram.com/saimaliofficial/,https://www.youtube.com/@SaimAliOfficial,https://www.facebook.com/SaimAliOfficial,,https://www.instagram.com/saimaliofficial/,Actor,,
#Ayesha Naseem,Beauty/Lifestyle,https://www.instagram.com/ayesha_naseem/,https://www.youtube.com/@AyeshaNaseemOfficial,https://www.facebook.com/AyeshaNaseemOfficial,,https://www.instagram.com/ayesha_naseem/,Influencer,,
#Hina Afridi,Beauty/Fashion,https://www.instagram.com/hinaafridi/,https://www.youtube.com/@HinaAfridiOfficial,https://www.facebook.com/HinaAfridiOfficial,,https://www.instagram.com/hinaafridi/,Makeup artist,,
#Sana Safi,Beauty/Lifestyle,https://www.instagram.com/sanasafi/,https://www.youtube.com/@SanaSafiOfficial,https://www.facebook.com/SanaSafiOfficial,,https://www.instagram.com/sanasafi/,Beauty blogger,,
#Ayesha Ch,Beauty/Lifestyle,https://www.instagram.com/ayesha_ch/,https://www.youtube.com/@AyeshaChOfficial,https://www.facebook.com/AyeshaChOfficial,,https://www.instagram.com/ayesha_ch/,Beauty guru,,
#Sobia Nasir,Beauty/Fashion,https://www.instagram.com/sobianasir/,https://www.youtube.com/@SobiaNasirOfficial,https://www.facebook.com/SobiaNasirOfficial,,https://www.instagram.com/sobianasir/,Makeup artist,,
#Dr. Amir Liaquat,Entertainment/Religious,https://www.instagram.com/dramirliaquat/,https://www.youtube.com/@DrAmirLiaquatOfficial,https://www.facebook.com/DrAmirLiaquatOfficial,,https://www.instagram.com/dramirliaquat/,Religious scholar,,
#Junaid Jamshed, Music/Religious,https://www.instagram.com/junaidjamshedofficial/,https://www.youtube.com/@JunaidJamshedOfficial,https://www.facebook.com/JunaidJamshedOfficial,,https://www.instagram.com/junaidjamshedofficial/,Singer turned preacher,,
#Owais Raza Qadri, Music/Na at,https://www.instagram.com/owaisrazaqadriofficial/,https://www.youtube.com/@OwaisRazaQadriOfficial,https://www.facebook.com/OwaisRazaQadriOfficial,,https://www.instagram.com/owaisrazaqadriofficial/,Na at reciter,,
#Alhaaj Ashfaq Ahmed, Music/Na at,https://www.instagram.com/alhaajashfaqahmed/,https://www.youtube.com/@AlhaajAshfaqAhmedOfficial,https://www.facebook.com/AlhaajAshfaqAhmedOfficial,,https://www.instagram.com/alhaajashfaqahmed/,Na at artist,,
#Sami Yousuf, Music/Religious,https://www.instagram.com/samiyousuf/,https://www.youtube.com/@SamiYousufOfficial,https://www.facebook.com/SamiYousufOfficial,,https://www.instagram.com/samiyousuf/,Religious singer,,
#Harris Sultan, Comedy/Content,https://www.instagram.com/harrissultan/,https://www.youtube.com/@HarrisSultanOfficial,https://www.facebook.com/HarrisSultanOfficial,,https://www.instagram.com/harrissultan/,Comedian,,
#Ducky Bhai,Comedy/Gaming,https://www.instagram.com/duckybhai/,https://www.youtube.com/@DuckyBhai,,,https://www.instagram.com/duckybhai/,Content creator,,
#Mooroo,Vlogs/Music,https://www.instagram.com/mooroosicity/,https://www.youtube.com/user/mooroosicity,,https://www.tiktok.com/@mooroosicity,https://www.instagram.com/mooroosicity/,Musician,,
#Ukhano,Travel/Lifestyle,https://www.instagram.com/ukhano/,https://www.youtube.com/channel/UC4NQ7dQ171deDBPGGAs24CEA,https://www.facebook.com/ukhanarmy/,,https://www.instagram.com/ukhano/,Travel vlogger,,
#P4 Pakao,Comedy/Pranks,https://www.instagram.com/p4pakao/,https://www.youtube.com/@P4PakaoOfficial,https://www.facebook.com/p4pakao/,,https://www.instagram.com/p4pakao/,Prankster,,
#Amna Riaz,Food/Cooking,https://www.instagram.com/kitchenwithamna/,https://www.youtube.com/@KitchenWithAmna,https://www.facebook.com/KitchenWithAmna,,https://www.instagram.com/kitchenwithamna/,Cook,,
#VideoWaliSarkar,Tech/Reviews,https://www.instagram.com/videowalisarkar/,https://www.youtube.com/@VideoWaliSarkar,,,https://www.instagram.com/videowalisarkar/,Tech reviewer,,
#Shoaib Akhtar,Sports/Cricket,https://www.instagram.com/shoaib100mph/,https://www.youtube.com/@ShoaibAkhtarOfficial,https://www.facebook.com/ShoaibAkhtarOfficial,,https://www.instagram.com/shoaib100mph/,Legendary bowler,,
#Wasim Akram,Sports/Cricket,https://www.instagram.com/wasimakramlive/,https://www.youtube.com/@WasimAkramOfficial,https://www.facebook.com/WasimAkramOfficial,,https://www.instagram.com/wasimakramlive/,Cricket legend,,
#Inzamam ul Haq,Sports/Cricket,https://www.instagram.com/inzi96official/,https://www.youtube.com/@InzamamulHaqOfficial,https://www.facebook.com/InzamamulHaqOfficial,,https://www.instagram.com/inzi96official/,Former captain,,
#Misbah ul Haq,Sports/Cricket,https://www.instagram.com/misbahofficial/,https://www.youtube.com/@MisbahulHaqOfficial,https://www.facebook.com/MisbahulHaqOfficial,,https://www.instagram.com/misbahofficial/,Coach,,
#Shahid Afridi,Sports/Cricket,https://www.instagram.com/shahidafridi24/,https://www.youtube.com/@ShahidAfridiOfficial,https://www.facebook.com/ShahidAfridiOfficial,,https://www.instagram.com/shahidafridi24/,All-rounder,,
#Javed Miandad,Sports/Cricket,https://www.instagram.com/javedmiandad/,https://www.youtube.com/@JavedMiandadOfficial,https://www.facebook.com/JavedMiandadOfficial,,https://www.instagram.com/javedmiandad/,Legend,,
#Rameez Raja,Sports/Cricket,https://www.instagram.com/rameezrajaofficial/,https://www.youtube.com/@RameezRajaOfficial,https://www.facebook.com/RameezRajaOfficial,,https://www.instagram.com/rameezrajaofficial/,Commentator,,
#Afridi,Comedy/Content,https://www.instagram.com/afridipk/,https://www.youtube.com/@AfridiPKOfficial,https://www.facebook.com/AfridiPKOfficial,,https://www.instagram.com/afridipk/,Comedian,,
#Syed Shoaib,Comedy/Vlogs,https://www.instagram.com/syedshoaibofficial/,https://www.youtube.com/@SyedShoaibOfficial,https://www.facebook.com/SyedShoaibOfficial,,https://www.instagram.com/syedshoaibofficial/,Vlogger,,
#Jazbaati,Comedy/Pranks,https://www.instagram.com/jazbaatiofficial/,https://www.youtube.com/@JazbaatiOfficial,https://www.facebook.com/JazbaatiOfficial,,https://www.instagram.com/jazbaatiofficial/,Prankster,,
#Irshaad Naseer,Comedy/Content,https://www.instagram.com/irshaadnaseer/,https://www.youtube.com/@IrshaadNaseerOfficial,https://www.facebook.com/IrshaadNaseerOfficial,,https://www.instagram.com/irshaadnaseer/,Comedian,,
#Mo Vlogs,Travel/Vlogs,https://www.instagram.com/movlogs/,https://www.youtube.com/@MoVlogsOfficial,https://www.facebook.com/MoVlogsOfficial,,https://www.instagram.com/movlogs/,Vlogger,,
#Froggy,Comedy/Pranks,https://www.instagram.com/froggy_official/,https://www.youtube.com/@FroggyOfficial,https://www.facebook.com/FroggyOfficial,,https://www.instagram.com/froggy_official/,Prankster,,
#Dr Amir Liaquat,Entertainment/Religious,https://www.instagram.com/dramirliaquat/,https://www.youtube.com/@DrAmirLiaquatOfficial,https://www.facebook.com/DrAmirLiaquatOfficial,,https://www.instagram.com/dramirliaquat/,Religious scholar,,
#Quratulain Balouch,Music,https://www.instagram.com/quratulainbalouch/,https://www.youtube.com/@QuratulainBalouchOfficial,https://www.facebook.com/QuratulainBalouch,,https://www.instagram.com/quratulainbalouch/,Singer,,
#Fariha Pervez,Music,https://www.instagram.com/farihapervez/,https://www.youtube.com/@FarihaPervezOfficial,https://www.facebook.com/FarihaPervezOfficial,,https://www.instagram.com/farihapervez/,Singer,,
#Meesha Shafi,Music,https://www.instagram.com/meeshashafi/,https://www.youtube.com/@MeeshaShafiOfficial,https://www.facebook.com/MeeshaShafiOfficial,,https://www.instagram.com/meeshashafi/,Singer,,
#Strings,Music,https://www.instagram.com/stringsband/,https://www.youtube.com/@StringsOfficial,https://www.facebook.com/StringsOfficial,,https://www.instagram.com/stringsband/,Band,,
#Junoon,Music,https://www.instagram.com/junoonband/,https://www.youtube.com/@JunoonOfficial,https://www.facebook.com/JunoonOfficial,,https://www.instagram.com/junoonband/,Band,,
#Vital Signs,Music,https://www.instagram.com/vitalsignsband/,https://www.youtube.com/@VitalSignsOfficial,https://www.facebook.com/VitalSignsOfficial,,https://www.instagram.com/vitalsignsband/,Band,,
#Jal,Music,https://www.instagram.com/jalband/,https://www.youtube.com/@JalOfficial,https://www.facebook.com/JalOfficial,,https://www.instagram.com/jalband/,Band,,
#Noori,Music,https://www.instagram.com/nooriband/,https://www.youtube.com/@NooriOfficial,https://www.facebook.com/NooriOfficial,,https://www.instagram.com/nooriband/,Band,,
#The Local Train,Music,https://www.instagram.com/thelocaltrain/,https://www.youtube.com/@TheLocalTrainOfficial,https://www.facebook.com/TheLocalTrainOfficial,,https://www.instagram.com/thelocaltrain/,Band,,
#Bayaan,Music,https://www.instagram.com/bayaanband/,https://www.youtube.com/@BayaanOfficial,https://www.facebook.com/BayaanOfficial,,https://www.instagram.com/bayaanband/,Band,,
#Kashmir,Music,https://www.instagram.com/kashmirband/,https://www.youtube.com/@KashmirOfficial,https://www.facebook.com/KashmirOfficial,,https://www.instagram.com/kashmirband/,Band,,
#Aaroh,Music,https://www.instagram.com/aarohband/,https://www.youtube.com/@AarohOfficial,https://www.facebook.com/AarohOfficial,,https://www.instagram.com/aarohband/,Band,,
#Entity Paradigm,Music,https://www.instagram.com/entityparadigm/,https://www.youtube.com/@EntityParadigmOfficial,https://www.facebook.com/EntityParadigmOfficial,,https://www.instagram.com/entityparadigm/,Band,,
#Call,Music,https://www.instagram.com/callband/,https://www.youtube.com/@CallOfficial,https://www.facebook.com/CallOfficial,,https://www.instagram.com/callband/,Band,,
#Mizraab,Music,https://www.instagram.com/mizraab/,https://www.youtube.com/@MizraabOfficial,https://www.facebook.com/MizraabOfficial,,https://www.instagram.com/mizraab/,Band,,
#Laal,Music,https://www.instagram.com/laalband/,https://www.youtube.com/@LaalOfficial,https://www.facebook.com/LaalOfficial,,https://www.instagram.com/laalband/,Band,,
#The Milestones,Music,https://www.instagram.com/themilestones/,https://www.youtube.com/@TheMilestonesOfficial,https://www.facebook.com/TheMilestonesOfficial,,https://www.instagram.com/themilestones/,Band,,
#Sajjad Ali,Music,https://www.instagram.com/sajjadali/,https://www.youtube.com/@SajjadAliOfficial,https://www.facebook.com/SajjadAliOfficial,,https://www.instagram.com/sajjadali/,Singer,,
#Abrar-ul-Haq,Music,https://www.instagram.com/abrarulhaq/,https://www.youtube.com/@AbrarUlHaqOfficial,https://www.facebook.com/AbrarUlHaqOfficial,,https://www.instagram.com/abrarulhaq/,Singer,,
#Naseebo Lal,Music,https://www.instagram.com/naseebolal/,https://www.youtube.com/@NaseeboLalOfficial,https://www.facebook.com/NaseeboLalOfficial,,https://www.instagram.com/naseebolal/,Singer,,
#Arif Lohar,Music,https://www.instagram.com/ariflohar/,https://www.youtube.com/@ArifLoharOfficial,https://www.facebook.com/ArifLoharOfficial,,https://www.instagram.com/ariflohar/,Singer,,
#Malkoo,Music,https://www.instagram.com/malkoo/,https://www.youtube.com/@MalkooOfficial,https://www.facebook.com/MalkooOfficial,,https://www.instagram.com/malkoo/,Singer,,
#Badshah,Music,https://www.instagram.com/badshah/,https://www.youtube.com/@BadshahOfficial,https://www.facebook.com/BadshahOfficial,,https://www.instagram.com/badshah/,Singer,,
#Bohemia,Music,https://www.instagram.com/bohemia/,https://www.youtube.com/@BohemiaOfficial,https://www.facebook.com/BohemiaOfficial,,https://www.instagram.com/bohemia/,Rapper,,
#Young Stunners,Music,https://www.instagram.com/youngstunners/,https://www.youtube.com/@YoungStunnersOfficial,https://www.facebook.com/YoungStunnersOfficial,,https://www.instagram.com/youngstunners/,Rap group,,
#Jokhay,Music,https://www.instagram.com/jokhay/,https://www.youtube.com/@JokhayOfficial,https://www.facebook.com/JokhayOfficial,,https://www.instagram.com/jokhay/,Rapper,,
#Asrar,Music,https://www.instagram.com/asrar/,https://www.youtube.com/@AsrarOfficial,https://www.facebook.com/AsrarOfficial,,https://www.instagram.com/asrar/,Singer,,
#Farhan Saeed,Music,https://www.instagram.com/farhansaeed/,https://www.youtube.com/@FarhanSaeedOfficial,https://www.facebook.com/FarhanSaeedOfficial,,https://www.instagram.com/farhansaeed/,Singer,,
#Shahid Khan,Music,https://www.instagram.com/shahidkhan/,https://www.youtube.com/@ShahidKhanOfficial,https://www.facebook.com/ShahidKhanOfficial,,https://www.instagram.com/shahidkhan/,Singer,,
#Javed Bashir,Music,https://www.instagram.com/javedbashir/,https://www.youtube.com/@JavedBashirOfficial,https://www.facebook.com/JavedBashirOfficial,,https://www.instagram.com/javedbashir/,Singer,,
#Haroon Rashid,Music,https://www.instagram.com/haroonrashid/,https://www.youtube.com/@HaroonRashidOfficial,https://www.facebook.com/HaroonRashidOfficial,,https://www.instagram.com/haroonrashid/,Singer,,
#Goher Mumtaz,Music,https://www.instagram.com/gohermumtaz/,https://www.youtube.com/@GoherMumtazOfficial,https://www.facebook.com/GoherMumtazOfficial,,https://www.instagram.com/gohermumtaz/,Singer,,
#Rizwan Butt,Music,https://www.instagram.com/rizwanbutt/,https://www.youtube.com/@RizwanButtOfficial,https://www.facebook.com/RizwanButtOfficial,,https://www.instagram.com/rizwanbutt/,Singer,,
#Ahmed Jahanzeb,Music,https://www.instagram.com/ahmedjahanzeb/,https://www.youtube.com/@AhmedJahanzebOfficial,https://www.facebook.com/AhmedJahanzebOfficial,,https://www.instagram.com/ahmedjahanzeb/,Singer,,
#Aamir Zaki,Music,https://www.instagram.com/aamirzaki/,https://www.youtube.com/@AamirZakiOfficial,https://www.facebook.com/AamirZakiOfficial,,https://www.instagram.com/aamirzaki/,Singer,,
#Asad Abbas,Music,https://www.instagram.com/asadabbas/,https://www.youtube.com/@AsadAbbasOfficial,https://www.facebook.com/AsadAbbasOfficial,,https://www.instagram.com/asadabbas/,Singer,,
#Shahbaz Qamar Fareedi,Music,https://www.instagram.com/shahbazqamarfareedi/,https://www.youtube.com/@ShahbazQamarFareediOfficial,https://www.facebook.com/ShahbazQamarFareediOfficial,,https://www.instagram.com/shahbazqamarfareedi/,Singer,,
#Mehdi Hassan,Music,https://www.instagram.com/mehdihassan/,https://www.youtube.com/@MehdiHassanOfficial,https://www.facebook.com/MehdiHassanOfficial,,https://www.instagram.com/mehdihassan/,Singer,,
#Noor Jehan,Music,https://www.instagram.com/noorjehan/,https://www.youtube.com/@NoorJehanOfficial,https://www.facebook.com/NoorJehanOfficial,,https://www.instagram.com/noorjehan/,Singer,,
#Lata Mangeshkar,Music,https://www.instagram.com/latamangeshkar/,https://www.youtube.com/@LataMangeshkarOfficial,https://www.facebook.com/LataMangeshkarOfficial,,https://www.instagram.com/latamangeshkar/,Singer (Pakistani origin),,
#Kishore Kumar,Music,https://www.instagram.com/kishorekumar/,https://www.youtube.com/@KishoreKumarOfficial,https://www.facebook.com/KishoreKumarOfficial,,https://www.instagram.com/kishorekumar/,Singer (Pakistani origin),,
#Muhammad Rafi,Music,https://www.instagram.com/muhammadrafi/,https://www.youtube.com/@MuhammadRafiOfficial,https://www.facebook.com/MuhammadRafiOfficial,,https://www.instagram.com/muhammadrafi/,Singer (Pakistani origin),,
#Asha Bhosle,Music,https://www.instagram.com/ashabhosle/,https://www.youtube.com/@AshaBhosleOfficial,https://www.facebook.com/AshaBhosleOfficial,,https://www.instagram.com/ashabhosle/,Singer (Pakistani origin),,
#Geeta Dutt,Music,https://www.instagram.com/geetadutt/,https://www.youtube.com/@GeetaDuttOfficial,https://www.facebook.com/GeetaDuttOfficial,,https://www.instagram.com/geetadutt/,Singer (Pakistani origin),,
#Shamshad Begum,Music,https://www.instagram.com/shamshadbegum/,https://www.youtube.com/@ShamshadBegumOfficial,https://www.facebook.com/ShamshadBegumOfficial,,https://www.instagram.com/shamshadbegum/,Singer (Pakistani origin),,
#Suraiya,Acting/Music,https://www.instagram.com/suraiya/,https://www.youtube.com/@SuraiyaOfficial,https://www.facebook.com/SuraiyaOfficial,,https://www.instagram.com/suraiya/,Actress and singer (Pakistani origin),,
#Fahad Mustafa,Acting,https://www.instagram.com/fahadmustafa/,https://www.youtube.com/@FahadMustafaOfficial,https://www.facebook.com/FahadMustafaOfficial,,https://www.instagram.com/fahadmustafa/,Actor,,
#Imran Abbas,Acting,https://www.instagram.com/imranabbas/,https://www.youtube.com/@ImranAbbasOfficial,https://www.facebook.com/ImranAbbasOfficial,,https://www.instagram.com/imranabbas/,Actor,,
#Arif Habib,Business,https://www.instagram.com/arifhabibcorp/,https://www.youtube.com/@ArifHabibCorp,https://www.facebook.com/ArifHabibCorp,,https://www.instagram.com/arifhabibcorp/,CEO of Arif Habib Corporation,,
#Mian Muhammad Mansha,Business,https://www.instagram.com/mianmansha/,https://www.youtube.com/@MianManshaOfficial,https://www.facebook.com/MianManshaOfficial,,https://www.instagram.com/mianmansha/,Chairman Nishat Group,,
#Nadeem Malik,Business,https://www.instagram.com/nadeemmalik/,https://www.youtube.com/@NadeemMalikOfficial,https://www.facebook.com/NadeemMalikOfficial,,https://www.instagram.com/nadeemmalik/,CEO of Packages Limited,,
#Tariq Rafi,Business,https://www.instagram.com/tariqrafi/,https://www.youtube.com/@TariqRafiOfficial,https://www.facebook.com/TariqRafiOfficial,,https://www.instagram.com/tariqrafi/,CEO of Rafi Group,,
#Sultan Ali Lakhani,Business,https://www.instagram.com/sultanlakhani/,https://www.youtube.com/@SultanLakhaniOfficial,https://www.facebook.com/SultanLakhaniOfficial,,https://www.instagram.com/sultanlakhani/,CEO of Lakson Group,,
#Yusuf H. Shirazi,Business,https://www.instagram.com/yusufshirazi/,https://www.youtube.com/@YusufShiraziOfficial,https://www.facebook.com/YusufShiraziOfficial,,https://www.instagram.com/yusufshirazi/,CEO of Engro Corporation,,
#Asif Jooma,Business,https://www.instagram.com/asifjooma/,https://www.youtube.com/@AsifJoomaOfficial,https://www.facebook.com/AsifJoomaOfficial,,https://www.instagram.com/asifjooma/,CEO of Pakistan Tobacco Company,,
#Imran Ahmed,Business,https://www.instagram.com/imranahmed/,https://www.youtube.com/@ImranAhmedOfficial,https://www.facebook.com/ImranAhmedOfficial,,https://www.instagram.com/imranahmed/,CEO of UBL,,
#Zahid Hussain,Business,https://www.instagram.com/zahidhussain/,https://www.youtube.com/@ZahidHussainOfficial,https://www.facebook.com/ZahidHussainOfficial,,https://www.instagram.com/zahidhussain/,CEO of HBL,,
#Naveed Ahmed,Business,https://www.instagram.com/naveedahmed/,https://www.youtube.com/@NaveedAhmedOfficial,https://www.facebook.com/NaveedAhmedOfficial,,https://www.instagram.com/naveedahmed/,CEO of Meezan Bank,,
#Mohammad Rizwan,Sports/Cricket,https://www.instagram.com/mohammadrizwanpk/,https://www.youtube.com/@MohammadRizwanOfficial,https://www.facebook.com/MohammadRizwanOfficial,,https://www.instagram.com/mohammadrizwanpk/,Wicketkeeper Batsman,,
#Arshad Iqbal,Sports/Cricket,https://www.instagram.com/arshad_iqbal/,https://www.youtube.com/@ArshadIqbalOfficial,https://www.facebook.com/ArshadIqbalOfficial,,https://www.instagram.com/arshad_iqbal/,Bowler,,
#Haider Ali,Sports/Cricket,https://www.instagram.com/haiderali.official/,https://www.youtube.com/@HaiderAliOfficial,https://www.facebook.com/HaiderAliOfficial,,https://www.instagram.com/haiderali.official/,Batsman,,
#Khaleel Ahmed,Sports/Cricket,https://www.instagram.com/khaleelahmed/,https://www.youtube.com/@KhaleelAhmedOfficial,https://www.facebook.com/KhaleelAhmedOfficial,,https://www.instagram.com/khaleelahmed/,Bowler,,
#Saim Ayub,Sports/Cricket,https://www.instagram.com/saimayub_official/,https://www.youtube.com/@SaimAyubOfficial,https://www.facebook.com/SaimAyubOfficial,,https://www.instagram.com/saimayub_official/,Young Batsman,,
#Zeeshan Ashraf,Sports/Cricket,https://www.instagram.com/zeeshanashraf/,https://www.youtube.com/@ZeeshanAshrafOfficial,https://www.facebook.com/ZeeshanAshrafOfficial,,https://www.instagram.com/zeeshanashraf/,Wicketkeeper,,
#Aamer Jamal,Sports/Cricket,https://www.instagram.com/aamerjamal/,https://www.youtube.com/@AamerJamalOfficial,https://www.facebook.com/AamerJamalOfficial,,https://www.instagram.com/aamerjamal/,All-rounder,,
#Zeeshan Akhtar,Sports/Cricket,https://www.instagram.com/zeeshanakhtar/,https://www.youtube.com/@ZeeshanAkhtarOfficial,https://www.facebook.com/ZeeshanAkhtarOfficial,,https://www.instagram.com/zeeshanakhtar/,Bowler,,
#Ahsan Hafeez,Sports/Cricket,https://www.instagram.com/ahsanhafeez/,https://www.youtube.com/@AhsanHafeezOfficial,https://www.facebook.com/AhsanHafeezOfficial,,https://www.instagram.com/ahsanhafeez/,Bowler,,
#Sameen Gul,Sports/Cricket,https://www.instagram.com/sameengul/,https://www.youtube.com/@SameenGulOfficial,https://www.facebook.com/SameenGulOfficial,,https://www.instagram.com/sameengul/,Bowler,,
#Akif Javed,Sports/Cricket,https://www.instagram.com/akifjaved/,https://www.youtube.com/@AkifJavedOfficial,https://www.facebook.com/AkifJavedOfficial,,https://www.instagram.com/akifjaved/,Bowler,,
#Zia-ul-Haq,Sports/Cricket,https://www.instagram.com/ziaulhaq/,https://www.youtube.com/@ZiaulHaqOfficial,https://www.facebook.com/ZiaulHaqOfficial,,https://www.instagram.com/ziaulhaq/,Bowler,,
#Sufiyan Muqeem,Sports/Cricket,https://www.instagram.com/sufiyanmuqeem/,https://www.youtube.com/@SufiyanMuqeemOfficial,https://www.facebook.com/SufiyanMuqeemOfficial,,https://www.instagram.com/sufiyanmuqeem/,Spinner,,
#Mehar Chhayas,Sports/Cricket,https://www.instagram.com/meharchhayas/,https://www.youtube.com/@MeharChhayasOfficial,https://www.facebook.com/MeharChhayasOfficial,,https://www.instagram.com/meharchhayas/,Batsman,,
#Omair Bin Yousuf,Sports/Cricket,https://www.instagram.com/omairbinyousuf/,https://www.youtube.com/@OmairBinYousufOfficial,https://www.facebook.com/OmairBinYousufOfficial,,https://www.instagram.com/omairbinyousuf/,Batsman,,
#Saad Khan,Sports/Cricket,https://www.instagram.com/saadkhan/,https://www.youtube.com/@SaadKhanOfficial,https://www.facebook.com/SaadKhanOfficial,,https://www.instagram.com/saadkhan/,Batsman,,
#Usman Salahuddin,Sports/Cricket,https://www.instagram.com/usmansalahuddin/,https://www.youtube.com/@UsmanSalahuddinOfficial,https://www.facebook.com/UsmanSalahuddinOfficial,,https://www.instagram.com/usmansalahuddin/,Batsman,,
#Zain Abbas,Sports/Cricket,https://www.instagram.com/zainabbas/,https://www.youtube.com/@ZainAbbasOfficial,https://www.facebook.com/ZainAbbasOfficial,,https://www.instagram.com/zainabbas/,Batsman,,
#Misbah-ul-Haq,Sports/Cricket,https://www.instagram.com/misbahulhaq/,https://www.youtube.com/@MisbahulHaqOfficial,https://www.facebook.com/MisbahulHaqOfficial,,https://www.instagram.com/misbahulhaq/,Former Captain and Coach,,
#Younis Khan,Sports/Cricket,https://www.instagram.com/youniskhan/,https://www.youtube.com/@YounisKhanOfficial,https://www.facebook.com/YounisKhanOfficial,,https://www.instagram.com/youniskhan/,Legendary Batsman,,
#Inzamam-ul-Haq,Sports/Cricket,https://www.instagram.com/inzamamulhaq/,https://www.youtube.com/@InzamamulHaqOfficial,https://www.facebook.com/InzamamulHaqOfficial,,https://www.instagram.com/inzamamulhaq/,Former Captain,,
#Waqar Younis,Sports/Cricket,https://www.instagram.com/waqaryounis99/,https://www.youtube.com/@WaqarYounisOfficial,https://www.facebook.com/WaqarYounisOfficial,,https://www.instagram.com/waqaryounis99/,Legendary Fast Bowler,,
#Sana Mir,Sports/Cricket,https://www.instagram.com/sana_mir/,https://www.youtube.com/@SanaMirOfficial,https://www.facebook.com/SanaMirOfficial,,https://www.instagram.com/sana_mir/,Women Cricket Captain,,
#Bismah Maroof,Sports/Cricket,https://www.instagram.com/bismahmaroof/,https://www.youtube.com/@BismahMaroofOfficial,https://www.facebook.com/BismahMaroofOfficial,,https://www.instagram.com/bismahmaroof/,Women Cricketer,,
#Nida Dar,Sports/Cricket,https://www.instagram.com/nidadar/,https://www.youtube.com/@NidaDarOfficial,https://www.facebook.com/NidaDarOfficial,,https://www.instagram.com/nidadar/,Women All-rounder,,
#Aliya Riaz,Sports/Cricket,https://www.instagram.com/aliyariaz/,https://www.youtube.com/@AliyaRiazOfficial,https://www.facebook.com/AliyaRiazOfficial,,https://www.instagram.com/aliyariaz/,Women Cricketer,,
#Diana Baig,Sports/Cricket,https://www.instagram.com/dianabaig/,https://www.youtube.com/@DianaBaigOfficial,https://www.facebook.com/DianaBaigOfficial,,https://www.instagram.com/dianabaig/,Women Fast Bowler,,
#Nashra Sandhu,Sports/Cricket,https://www.instagram.com/nashrasandhu/,https://www.youtube.com/@NashraSandhuOfficial,https://www.facebook.com/NashraSandhuOfficial,,https://www.instagram.com/nashrasandhu/,Women Spinner,,
#Sidra Amin,Sports/Cricket,https://www.instagram.com/sidraamin/,https://www.youtube.com/@SidraAminOfficial,https://www.facebook.com/SidraAminOfficial,,https://www.instagram.com/sidraamin/,Women Batsman,,
#Muneeba Ali,Sports/Cricket,https://www.instagram.com/muneebaali/,https://www.youtube.com/@MuneebaAliOfficial,https://www.facebook.com/MuneebaAliOfficial,,https://www.instagram.com/muneebaali/,Women Wicketkeeper,,
#Fatima Sana,Sports/Cricket,https://www.instagram.com/fatimasana/,https://www.youtube.com/@FatimaSanaOfficial,https://www.facebook.com/FatimaSanaOfficial,,https://www.instagram.com/fatimasana/,Women All-rounder,,
#Omaima Sohail,Sports/Cricket,https://www.instagram.com/omaimasohail/,https://www.youtube.com/@OmaimaSohailOfficial,https://www.facebook.com/OmaimaSohailOfficial,,https://www.instagram.com/omaimasohail/,Women All-rounder,,
#Sadia Iqbal,Sports/Cricket,https://www.instagram.com/sadiaiqbal/,https://www.youtube.com/@SadiaIqbalOfficial,https://www.facebook.com/SadiaIqbalOfficial,,https://www.instagram.com/sadiaiqbal/,Women Spinner,,
#Anam Amin,Sports/Cricket,https://www.instagram.com/anamamin/,https://www.youtube.com/@AnamAminOfficial,https://www.facebook.com/AnamAminOfficial,,https://www.instagram.com/anamamin/,Women Fast Bowler,,
#Kainat Imtiaz,Sports/Cricket,https://www.instagram.com/kainatimtiaz/,https://www.youtube.com/@KainatImtiazOfficial,https://www.facebook.com/KainatImtiazOfficial,,https://www.instagram.com/kainatimtiaz/,Women All-rounder,,
#Sadia Amin,Sports/Cricket,https://www.instagram.com/sadiaamin/,https://www.youtube.com/@SadiaAminOfficial,https://www.facebook.com/SadiaAminOfficial,,https://www.instagram.com/sadiaamin/,Women Bowler,,
#Sidra Nawaz,Sports/Cricket,https://www.instagram.com/sidranawaz/,https://www.youtube.com/@SidraNawazOfficial,https://www.facebook.com/SidraNawazOfficial,,https://www.instagram.com/sidranawaz/,Women Wicketkeeper,,
#Nahida Khan,Sports/Cricket,https://www.instagram.com/nahidakhan/,https://www.youtube.com/@NahidaKhanOfficial,https://www.facebook.com/NahidaKhanOfficial,,https://www.instagram.com/nahidakhan/,Women Batsman,,
#Kiran Baluch,Sports/Cricket,https://www.instagram.com/kiranbaluch/,https://www.youtube.com/@KiranBaluchOfficial,https://www.facebook.com/KiranBaluchOfficial,,https://www.instagram.com/kiranbaluch/,Women Cricketer,,
#Urooj Mumtaz,Sports/Cricket,https://www.instagram.com/uroojmumtaz/,https://www.youtube.com/@UroojMumtazOfficial,https://www.facebook.com/UroojMumtazOfficial,,https://www.instagram.com/uroojmumtaz/,Women Cricketer,,
#Nazia Nazir,Sports/Cricket,https://www.instagram.com/nazianazir/,https://www.youtube.com/@NaziaNazirOfficial,https://www.facebook.com/NaziaNazirOfficial,,https://www.instagram.com/nazianazir/,Women Cricketer,,
#Rubab Khan,Sports/Cricket,https://www.instagram.com/rubabkhan/,https://www.youtube.com/@RubabKhanOfficial,https://www.facebook.com/RubabKhanOfficial,,https://www.instagram.com/rubabkhan/,Women Cricketer,,
#Sana Yasir,Sports/Cricket,https://www.instagram.com/sanayasir/,https://www.youtube.com/@SanaYasirOfficial,https://www.facebook.com/SanaYasirOfficial,,https://www.instagram.com/sanayasir/,Women Cricketer,,
#Aiman Anwer,Sports/Cricket,https://www.instagram.com/aiman_anwer/,https://www.youtube.com/@AimanAnwerOfficial,https://www.facebook.com/AimanAnwerOfficial,,https://www.instagram.com/aiman_anwer/,Women Spinner,,
#Rameen Shamim,Sports/Cricket,https://www.instagram.com/rameenshamim/,https://www.youtube.com/@RameenShamimOfficial,https://www.facebook.com/RameenShamimOfficial,,https://www.instagram.com/rameenshamim/,Women Bowler,,
#Tuba Hassan,Sports/Cricket,https://www.instagram.com/tubahassan/,https://www.youtube.com/@TubaHassanOfficial,https://www.facebook.com/TubaHassanOfficial,,https://www.instagram.com/tubahassan/,Women Spinner,,
#Sidra Ameen,Sports/Cricket,https://www.instagram.com/sidra_ameen/,https://www.youtube.com/@SidraAmeenOfficial,https://www.facebook.com/SidraAmeenOfficial,,https://www.instagram.com/sidra_ameen/,Women Batsman,,
#Mehak Shafiq,Fashion,https://www.instagram.com/mehakshafiq/,https://www.youtube.com/@MehakShafiqOfficial,https://www.facebook.com/MehakShafiqOfficial,,https://www.instagram.com/mehakshafiq/,Fashion Designer,,
#Sobia Nazir,Fashion,https://www.instagram.com/sobianazirch/,https://www.youtube.com/@SobiaNazirOfficial,https://www.facebook.com/SobiaNazirOfficial,,https://www.instagram.com/sobianazirch/,Fashion Designer,,
#Hassan Sheheryar Yasin,Fashion,https://www.instagram.com/hsy_official/,https://www.youtube.com/@HSYOfficial,https://www.facebook.com/HSYOfficial,,https://www.instagram.com/hsy_official/,Fashion Designer,,
#Zara Shahjahan,Fashion,https://www.instagram.com/zarashahjahan_official/,https://www.youtube.com/@ZaraShahjahanOfficial,https://www.facebook.com/ZaraShahjahanOfficial,,https://www.instagram.com/zarashahjahan_official/,Fashion Designer,,
#Amir Adnan,Fashion,https://www.instagram.com/amiradnan/,https://www.youtube.com/@AmirAdnanOfficial,https://www.facebook.com/AmirAdnanOfficial,,https://www.instagram.com/amiradnan/,Fashion Designer,,
#Maria B,Fashion,https://www.instagram.com/mariab.pk/,https://www.youtube.com/@MariaBOfficial,https://www.facebook.com/MariaBOfficial,,https://www.instagram.com/mariab.pk/,Fashion Designer,,
#Asim Jofa,Fashion,https://www.instagram.com/asimjofa/,https://www.youtube.com/@AsimJofaOfficial,https://www.facebook.com/AsimJofaOfficial,,https://www.instagram.com/asimjofa/,Fashion Designer,,
#Fawad Khan,Acting/International,https://www.instagram.com/fawadkhan86/,https://www.youtube.com/@FawadKhanOfficial,https://www.facebook.com/FawadKhanOfficial,,https://www.instagram.com/fawadkhan86/,Actor,,
#Junaid Akram,Comedy/Content Creator,https://www.instagram.com/junaid.akram/,https://www.youtube.com/@JunaidAkram,https://www.facebook.com/JunaidAkram,,https://www.instagram.com/junaid.akram/,YouTuber,,
#Naila Pakistani,Beauty/Lifestyle,https://www.instagram.com/nailapakistani/,https://www.youtube.com/@NailaPakistani,https://www.facebook.com/NailaPakistani,,https://www.instagram.com/nailapakistani/,Beauty influencer,,
#Rabaab Zubair,Beauty/Lifestyle,https://www.instagram.com/rabaabzubair/,https://www.youtube.com/@RabaabZubair,https://www.facebook.com/RabaabZubair,,https://www.instagram.com/rabaabzubair/,Beauty blogger,,
#Sobia Ali,Beauty/Lifestyle,https://www.instagram.com/sobiaali/,https://www.youtube.com/@SobiaAli,https://www.facebook.com/SobiaAli,,https://www.instagram.com/sobiaali/,Makeup artist,,
#Hoorain,Beauty/Lifestyle,https://www.instagram.com/hooraindofficial/,https://www.youtube.com/@Hoorain,https://www.facebook.com/Hoorain,,https://www.instagram.com/hooraindofficial/,Beauty influencer,,
#Sundus Ali,Beauty/Lifestyle,https://www.instagram.com/sundusali/,https://www.youtube.com/@SundusAli,https://www.facebook.com/SundusAli,,https://www.instagram.com/sundusali/,Beauty vlogger,,
#Mahnoor Baloch,Beauty/Lifestyle,https://www.instagram.com/mahnoorbaloch/,https://www.youtube.com/@MahnoorBaloch,https://www.facebook.com/MahnoorBaloch,,https://www.instagram.com/mahnoorbaloch/,Beauty guru,,
#Sana Yasmeen,Beauty/Lifestyle,https://www.instagram.com/sanayasmeen/,https://www.youtube.com/@SanaYasmeen,https://www.facebook.com/SanaYasmeen,,https://www.instagram.com/sanayasmeen/,Makeup artist,,
#Food Fusion,Food,https://www.instagram.com/foodfusionpk/,https://www.youtube.com/@FoodFusion,https://www.facebook.com/FoodFusion,,https://www.instagram.com/foodfusionpk/,Food blogger,,
#Village Food Secrets,Food,https://www.instagram.com/villagefoodsecrets/,https://www.youtube.com/@VillageFoodSecrets,https://www.facebook.com/VillageFoodSecrets,,https://www.instagram.com/villagefoodsecrets/,Cooking channel,,
#Cooking with Benazir,Food,https://www.instagram.com/cookingwithbenazir/,https://www.youtube.com/@CookingWithBenazir,https://www.facebook.com/CookingWithBenazir,,https://www.instagram.com/cookingwithbenazir/,Home cook,,
#Sadia's Kitchen,Food,https://www.instagram.com/sadiaskitchen/,https://www.youtube.com/@SadiasKitchen,https://www.facebook.com/SadiasKitchen,,https://www.instagram.com/sadiaskitchen/,Food vlogger,,
#Travel with Zain,Travel,https://www.instagram.com/travelwithzain/,https://www.youtube.com/@TravelWithZain,https://www.facebook.com/TravelWithZain,,https://www.instagram.com/travelwithzain/,Travel vlogger,,
#Pakistan Travel Guide,Travel,https://www.instagram.com/pakistantravelguide/,https://www.youtube.com/@PakistanTravelGuide,https://www.facebook.com/PakistanTravelGuide,,https://www.instagram.com/pakistantravelguide/,Travel influencer,,
#Wanderlust Pakistan,Travel,https://www.instagram.com/wanderlustpakistan/,https://www.youtube.com/@WanderlustPakistan,https://www.facebook.com/WanderlustPakistan,,https://www.instagram.com/wanderlustpakistan/,Travel blogger,,
#Nomad Pakistan,Travel,https://www.instagram.com/nomadpakistan/,https://www.youtube.com/@NomadPakistan,https://www.facebook.com/NomadPakistan,,https://www.instagram.com/nomadpakistan/,Adventure traveler,,
#Fitness with Fahad,Health/Fitness,https://www.instagram.com/fitnesswithfahad/,https://www.youtube.com/@FitnessWithFahad,https://www.facebook.com/FitnessWithFahad,,https://www.instagram.com/fitnesswithfahad/,Fitness trainer,,
#Zara's Fitness,Health/Fitness,https://www.instagram.com/zarasfitness/,https://www.youtube.com/@ZarasFitness,https://www.facebook.com/ZarasFitness,,https://www.instagram.com/zarasfitness/,Fitness influencer,,
#Healthy Pakistan,Health/Fitness,https://www.instagram.com/healthypakistan/,https://www.youtube.com/@HealthyPakistan,https://www.facebook.com/HealthyPakistan,,https://www.instagram.com/healthypakistan/,Health blogger,,
#Tech with Tim,Technology,https://www.instagram.com/techwithtim/,https://www.youtube.com/@TechWithTim,https://www.facebook.com/TechWithTim,,https://www.instagram.com/techwithtim/,Tech reviewer,,
#Gadget Guru Pakistan,Technology,https://www.instagram.com/gadgetgurupk/,https://www.youtube.com/@GadgetGuruPakistan,https://www.facebook.com/GadgetGuruPakistan,,https://www.instagram.com/gadgetgurupk/,Tech influencer,,
#Digital Pakistan,Technology,https://www.instagram.com/digitalpakistan/,https://www.youtube.com/@DigitalPakistan,https://www.facebook.com/DigitalPakistan,,https://www.instagram.com/digitalpakistan/,Tech vlogger,,
#Hoor Mahaveera,Beauty/Fashion,https://www.instagram.com/hoormahaveera/,https://www.youtube.com/@hoormahaveera,,,https://instagram.com/hoormahaveera,,,


